Date,Open,High,Low,Close,Adj. Close,Change,Volume
2019-12-11,34.84300,34.99000,34.60000,34.63000,32.04500,-0.69%,1740162
2019-12-12,34.53300,34.82700,34.40300,34.71000,32.26400,0.23%,1253115
2019-12-13,34.61700,34.84700,34.49000,34.82700,32.37300,0.34%,1493826
2019-12-16,35.05700,35.57300,35.02300,35.06700,32.59600,0.69%,2221659
2019-12-17,35.18700,35.43000,34.96000,35.33300,32.84400,0.76%,2101551
2019-12-18,35.42300,35.54000,35.21700,35.30700,32.81900,-0.07%,1338261
2019-12-19,35.44700,35.78700,35.36700,35.67300,33.16000,1.04%,2531229
2019-12-20,35.91300,36.00000,35.59000,35.86700,33.33900,0.54%,2583450
2019-12-23,35.87700,35.96700,35.67700,35.72300,33.20600,-0.40%,1544481
2019-12-24,35.69300,35.80700,35.47300,35.56300,33.05700,-0.45%,917097
2019-12-26,35.59300,35.93300,35.59300,35.93000,33.39800,1.03%,723492
2019-12-27,35.97300,36.09300,35.84700,35.99700,33.46000,0.19%,1396404
2019-12-30,36.04000,36.04000,35.61000,35.67300,33.16000,-0.90%,1137939
2019-12-31,35.68000,35.85300,35.55300,35.70000,33.18400,0.08%,926316
2020-01-02,35.75300,35.98700,35.72300,35.94000,33.40700,0.67%,1717074
2020-01-03,35.66000,36.16000,35.58000,36.09300,33.55000,0.43%,2164671
2020-01-06,35.93000,36.08700,35.63000,36.07000,33.52800,-0.06%,2155332
2020-01-07,36.00000,36.08700,35.46300,35.47300,32.97400,-1.66%,1673310
2020-01-08,35.50300,35.65300,35.08000,35.27700,32.79100,-0.55%,3501042
2020-01-09,35.42300,35.96300,35.33000,35.78300,33.26200,1.43%,1589868
2020-01-10,35.91700,35.95000,35.59300,35.61300,33.10400,-0.48%,1281861
2020-01-13,35.66700,35.84300,35.61000,35.69700,33.18100,0.24%,1184346
2020-01-14,35.75300,35.75300,35.44300,35.51700,33.01400,-0.50%,2115450
2020-01-15,35.46700,36.07000,35.46700,35.95300,33.42000,1.23%,1869552
2020-01-16,36.18700,36.21300,35.92700,36.10300,33.55900,0.42%,3255909
2020-01-17,36.15300,36.45700,36.01000,36.43700,33.86900,0.93%,2372448
2020-01-21,36.37300,36.71700,36.32300,36.41700,33.85100,-0.05%,1781307
2020-01-22,36.46000,36.48300,36.07300,36.38000,33.81600,-0.10%,1757739
2020-01-23,36.35000,36.56000,36.16000,36.54300,33.96800,0.45%,1449660
2020-01-24,36.55300,36.76300,36.41300,36.73700,34.14800,0.53%,2087808
2020-01-27,36.37700,36.76000,36.33300,36.59300,34.01500,-0.39%,2938740
2020-01-28,36.61000,37.19700,36.60000,37.04700,34.43600,1.24%,3175689
2020-01-29,37.38300,38.59000,36.58700,38.44700,35.73800,3.78%,3825471
2020-01-30,38.41700,38.70700,37.80000,38.65300,35.93000,0.54%,2971056
2020-01-31,38.61700,38.93300,38.51700,38.82000,36.08500,0.43%,2736873
2020-02-03,39.09300,39.63000,39.01000,39.26300,36.49700,1.14%,2157585
2020-02-04,39.64700,40.07700,39.48700,39.55700,36.76900,0.75%,2601015
2020-02-05,39.74700,39.75000,38.63300,38.82300,36.08800,-1.86%,3060546
2020-02-06,39.07000,39.07700,38.51000,38.61700,35.89600,-0.53%,2731767
2020-02-07,38.65700,38.76700,38.08000,38.11000,35.42500,-1.31%,2878353
2020-02-10,38.04000,38.61700,38.00300,38.57700,35.85800,1.23%,2823783
2020-02-11,38.57300,38.89300,38.22700,38.26700,35.57000,-0.80%,1388883
2020-02-12,38.30000,38.35300,37.64700,38.02000,35.34100,-0.65%,1747827
2020-02-13,38.05700,38.30000,37.98300,38.13300,35.44600,0.30%,1229544
2020-02-14,38.21300,38.75000,38.21300,38.73300,36.00400,1.57%,1591134
2020-02-18,37.83300,38.72000,37.71000,38.55700,35.84000,-0.45%,3255309
2020-02-19,38.65700,39.11000,38.40000,38.42300,35.71600,-0.35%,2179227
2020-02-20,38.51700,38.60000,37.77300,38.16300,35.47400,-0.68%,2076834
2020-02-21,38.08000,38.48300,37.99700,38.39300,35.68800,0.60%,7581696
2020-02-24,37.61300,38.47300,37.46300,38.24700,35.55200,-0.38%,3653283
2020-02-25,38.30300,38.44000,37.28300,37.47000,34.83000,-2.03%,2890734
2020-02-26,37.49000,38.22000,37.49000,37.67300,35.01900,0.54%,2844417
2020-02-27,37.33300,37.50300,35.77300,35.81700,33.29300,-4.93%,4027599
2020-02-28,35.07700,35.15000,33.49000,34.18300,31.77500,-4.56%,6843117
2020-03-02,34.33300,36.78300,34.33300,36.70700,34.12000,7.38%,3792153
2020-03-03,36.91300,38.02300,36.37700,36.69000,34.10500,-0.05%,3951660
2020-03-04,37.39000,38.85000,36.83300,38.79000,36.05700,5.72%,3619527
2020-03-05,37.52300,38.19700,37.19700,38.03300,35.35300,-1.95%,4935261
2020-03-06,36.95700,37.43000,35.89000,36.83300,34.23800,-3.16%,3780003
2020-03-09,34.24000,36.14000,34.15300,35.24000,32.75700,-4.32%,4302486
2020-03-10,36.10700,36.26300,34.06700,34.90000,32.44100,-0.96%,5967174
2020-03-11,33.95300,33.98700,32.59700,33.10700,30.77400,-5.14%,5488185
2020-03-12,30.47700,31.10700,29.43300,29.54300,27.60700,-10.77%,5299662
2020-03-13,31.05000,32.12300,28.57300,32.01700,29.91800,8.37%,5042832
2020-03-16,29.00000,30.92700,27.78300,28.43700,26.57300,-11.18%,4251513
2020-03-17,29.15700,31.96000,29.00000,31.67700,29.60100,11.39%,6676080
2020-03-18,30.14700,31.83000,29.71700,30.52300,28.52300,-3.64%,6797541
2020-03-19,30.59000,30.86700,28.50700,29.33300,27.41100,-3.90%,5260365
2020-03-20,29.94000,29.94000,26.55700,26.83300,25.07500,-8.52%,6484494
2020-03-23,26.85700,26.85700,23.88700,24.28700,22.69500,-9.49%,5382030
2020-03-24,25.63700,27.73000,25.46300,27.66300,25.85000,13.90%,5926293
2020-03-25,27.66300,30.34000,27.42700,28.98700,27.08700,4.79%,5907366
2020-03-26,29.35000,32.03000,29.35000,31.27300,29.22400,7.89%,5097825
2020-03-27,30.01300,31.81300,29.76000,30.92700,28.90000,-1.11%,3381783
2020-03-30,31.34300,33.27700,30.93700,33.14700,30.97400,7.18%,4312098
2020-03-31,33.17300,33.46700,31.52700,31.65000,29.57600,-4.52%,4547262
2020-04-01,30.04000,31.09700,30.00000,30.75700,28.74100,-2.82%,3176325
2020-04-02,30.68300,31.48300,30.11000,31.32000,29.26700,1.83%,3711159
2020-04-03,31.51000,31.97300,31.19000,31.74000,29.66000,1.34%,2555850
2020-04-06,33.29700,34.09000,32.69000,33.86300,31.64400,6.69%,2750382
2020-04-07,34.90700,35.70300,33.40700,33.64700,31.44200,-0.64%,3376539
2020-04-08,33.84300,34.93700,33.74300,34.71000,32.43500,3.16%,2234619
2020-04-09,34.92700,36.19700,34.92700,35.97300,33.61600,3.64%,2221785
2020-04-13,35.09700,35.66300,34.22300,34.43000,32.17400,-4.29%,2417112
2020-04-14,35.21700,35.96000,34.75700,35.85300,33.50400,4.13%,4153818
2020-04-15,35.37000,36.03700,34.87000,35.33300,33.01800,-1.45%,2489736
2020-04-16,35.63000,36.31000,35.50000,36.10300,33.73700,2.18%,2168397
2020-04-17,37.03300,37.30300,36.46000,37.08000,34.65000,2.71%,2321424
2020-04-20,36.59000,36.96000,36.25300,36.59300,34.19500,-1.31%,2768424
2020-04-21,35.90700,36.28700,34.92000,35.09000,32.79000,-4.11%,2905146
2020-04-22,36.16700,36.16700,34.26700,34.87700,32.59100,-0.61%,4088025
2020-04-23,35.65700,35.65700,34.27300,34.61700,32.34800,-0.75%,2715204
2020-04-24,34.92300,35.25000,34.32300,35.21000,32.90200,1.71%,2530923
2020-04-27,35.70300,37.29700,35.66700,37.21000,34.77100,5.68%,2767866
2020-04-28,37.84300,38.14000,36.88300,37.07000,34.64100,-0.38%,3018738
2020-04-29,37.58300,37.74300,37.07300,37.20000,34.76200,0.35%,2480952
2020-04-30,36.25000,37.04700,36.10700,36.55700,34.16100,-1.73%,2083305
2020-05-01,35.66700,35.84700,35.27700,35.54000,33.21100,-2.78%,2192205
2020-05-04,35.27000,35.54300,34.79300,35.37700,33.05800,-0.46%,2168154
2020-05-05,35.84700,36.49300,35.31300,36.27700,33.89900,2.54%,2899407
2020-05-06,36.59000,36.59000,35.20000,35.21000,32.90200,-2.94%,2130540
2020-05-07,35.58300,36.40700,35.48300,35.77700,33.43200,1.61%,1900938
2020-05-08,36.40300,36.43000,35.69300,35.86300,33.51300,0.24%,2685306
2020-05-11,35.32700,36.65000,35.28300,36.41300,34.02700,1.53%,2049768
2020-05-12,36.66700,36.83000,36.06700,36.16700,33.79600,-0.68%,3211326
2020-05-13,36.17300,36.76700,35.81700,36.29700,33.91800,0.36%,2783247
2020-05-14,35.78300,36.55700,35.75000,36.49300,34.10200,0.54%,2379564
2020-05-15,36.59700,37.41700,36.22300,37.36000,34.91200,2.38%,6235539
2020-05-18,38.30700,38.63700,37.95300,38.31300,35.80200,2.55%,2596338
2020-05-19,38.06700,38.66300,37.47300,37.54300,35.08300,-2.01%,1909419
2020-05-20,37.66300,38.53700,37.66300,38.23700,35.73100,1.85%,1594941
2020-05-21,37.95300,38.23300,37.67000,37.99700,35.50700,-0.63%,2165967
2020-05-22,38.02700,38.59700,37.94300,38.44700,35.92700,1.18%,1322016
2020-05-26,39.47300,39.75700,38.67700,38.76000,36.22000,0.81%,1835718
2020-05-27,39.26000,39.33000,38.07300,38.39700,35.88000,-0.94%,2537733
2020-05-28,38.77700,39.21700,38.52300,38.79000,36.24800,1.02%,2142786
2020-05-29,38.77300,39.61000,38.56700,39.48700,36.89900,1.80%,2495007
2020-06-01,39.76700,39.95700,39.08300,39.62700,37.03000,0.35%,2788764
2020-06-02,39.75000,39.93300,39.42700,39.74700,37.14200,0.30%,1557558
2020-06-03,39.99000,40.24300,39.44700,39.78000,37.17300,0.08%,2108277
2020-06-04,39.70000,39.79000,38.81300,39.31000,36.73400,-1.18%,1803489
2020-06-05,39.84700,40.08300,38.44300,39.96700,37.34700,1.67%,3228177
2020-06-08,39.79000,40.53700,39.75700,40.43300,37.78300,1.17%,2877594
2020-06-09,40.12000,40.38700,39.71700,40.03000,37.40700,-1.00%,2477688
2020-06-10,39.85700,40.28000,39.79300,40.00300,37.38200,-0.07%,1539156
2020-06-11,39.49700,39.62300,37.57300,37.75000,35.42900,-5.63%,2599017
2020-06-12,38.48700,38.63000,37.71000,38.38300,36.02300,1.68%,2116386
2020-06-15,37.51300,39.45300,37.41000,39.12300,36.71800,1.93%,2343489
2020-06-16,39.56300,40.00000,38.69700,39.51000,37.08000,0.99%,2267658
2020-06-17,39.69000,39.89000,39.30300,39.37700,36.95500,-0.34%,1779522
2020-06-18,39.24700,39.79700,38.90300,39.76300,37.31800,0.98%,2304966
2020-06-19,40.09300,40.71700,39.47000,39.61000,37.17400,-0.38%,2951469
2020-06-22,39.70700,40.15000,39.37700,39.90300,37.45000,0.74%,1519296
2020-06-23,40.07300,40.29300,39.43000,39.53300,37.10200,-0.93%,2118141
2020-06-24,39.41000,39.44000,38.35700,38.42700,36.06400,-2.80%,1880490
2020-06-25,38.33300,39.66300,38.22000,39.56300,37.13000,2.96%,1664772
2020-06-26,39.37300,39.44700,38.47000,38.60700,36.23300,-2.42%,3161178
2020-06-29,39.13300,39.22700,38.72700,39.18300,36.77400,1.49%,2247372
2020-06-30,38.94300,39.99300,38.81700,39.82300,37.37400,1.63%,1887786
2020-07-01,39.86700,40.53700,39.61300,40.25300,37.77800,1.08%,1808931
2020-07-02,40.86000,41.04000,40.00000,40.02000,37.55900,-0.58%,2270052
2020-07-06,40.49700,40.83300,40.18000,40.36000,37.87800,0.85%,1436376
2020-07-07,40.08700,40.59700,39.92000,40.15700,37.68700,-0.50%,1391502
2020-07-08,40.31700,40.76000,40.15300,40.56700,38.07200,1.02%,2049135
2020-07-09,40.75700,40.83300,39.73700,40.26700,37.79100,-0.74%,1691790
2020-07-10,40.43300,41.00000,40.05700,40.96000,38.44100,1.72%,1406508
2020-07-13,41.34000,42.07300,40.98000,41.00000,38.47900,0.10%,1859493
2020-07-14,40.99700,41.60000,40.98700,41.60000,39.04200,1.46%,1300758
2020-07-15,42.00000,42.45300,41.69300,42.28000,39.68000,1.63%,1603185
2020-07-16,42.18000,42.42300,42.00300,42.34300,39.74000,0.15%,924342
2020-07-17,42.56700,43.05000,42.40700,42.81300,40.18100,1.11%,2246022
2020-07-20,42.77700,43.89000,42.77300,43.76700,41.07500,2.23%,2368116
2020-07-21,43.56300,43.95000,43.16300,43.67000,40.98500,-0.22%,2732256
2020-07-22,44.33700,45.10500,43.84900,44.70000,41.95100,2.36%,3694869
2020-07-23,44.73300,45.17200,43.66700,43.80300,41.11000,-2.01%,2814573
2020-07-24,43.76300,43.79500,43.01700,43.52000,40.84400,-0.65%,2696232
2020-07-27,43.56300,43.73300,43.37300,43.51000,40.83400,-0.02%,2857761
2020-07-28,43.18700,43.32000,42.46700,42.71700,40.09000,-1.82%,2113704
2020-07-29,42.92300,43.84700,42.84000,43.67000,40.98500,2.23%,2375832
2020-07-30,43.20300,43.45800,42.89000,43.30000,40.63700,-0.85%,1657137
2020-07-31,43.56700,43.78300,43.00300,43.77000,41.07800,1.09%,1835577
2020-08-03,43.94700,44.13100,43.31700,43.45000,40.77800,-0.73%,1526766
2020-08-04,43.51000,43.59000,42.93200,43.23300,40.57500,-0.50%,1402977
2020-08-05,43.43300,43.49000,43.01300,43.45300,40.78100,0.51%,1741818
2020-08-06,43.26000,43.75300,43.16700,43.56700,40.88800,0.26%,1766577
2020-08-07,43.28000,44.29300,43.20300,44.29000,41.56600,1.66%,2182767
2020-08-10,44.50300,44.50300,43.52300,43.84300,41.14700,-1.01%,2223066
2020-08-11,44.00000,44.09700,43.37300,43.49000,40.81600,-0.81%,1763184
2020-08-12,43.71700,44.35000,43.41300,43.47300,40.80000,-0.04%,3167847
2020-08-13,43.33700,43.59000,43.01700,43.42700,40.75600,-0.11%,2781123
2020-08-14,43.35700,43.54300,42.90300,43.08000,40.43100,-0.80%,2035128
2020-08-17,43.12700,43.60000,43.00000,43.43700,40.76600,0.83%,2517174
2020-08-18,43.43000,43.60300,43.11000,43.35000,40.68400,-0.20%,1734600
2020-08-19,43.60700,43.67300,43.10300,43.29000,40.62800,-0.14%,1757274
2020-08-20,43.15300,43.82300,43.15300,43.48700,40.81300,0.46%,1553829
2020-08-21,43.46000,43.55300,43.08000,43.30700,40.64400,-0.41%,1439658
2020-08-24,43.43000,43.89700,43.23000,43.86000,41.16300,1.28%,2077170
2020-08-25,43.88200,44.01300,43.25000,43.36700,40.70000,-1.12%,1490271
2020-08-26,43.47000,44.52700,43.40300,44.18000,41.46300,1.87%,1937520
2020-08-27,44.34700,44.42700,43.94000,43.95000,41.24700,-0.52%,1525695
2020-08-28,44.20700,44.20700,43.81000,43.94700,41.24400,-0.01%,1284942
2020-08-31,44.17700,45.03700,44.04400,44.80700,42.05100,1.96%,4145982
2020-09-01,44.88000,44.94700,44.43000,44.94000,42.17700,0.30%,1526040
2020-09-02,45.10700,45.98000,45.00000,45.76000,42.94600,1.82%,2283207
2020-09-03,45.93700,45.93700,43.96300,44.42000,41.68800,-2.93%,2527194
2020-09-04,44.70000,44.71300,42.86700,43.43000,40.75900,-2.23%,2228319
2020-09-08,42.93700,43.16000,42.06000,42.14700,39.55500,-2.95%,2942037
2020-09-09,42.73700,43.30700,42.33700,43.06300,40.41500,2.17%,1964361
2020-09-10,43.02000,43.02000,41.57300,41.63700,39.23000,-3.31%,2424897
2020-09-11,42.02700,42.26700,41.58000,41.90000,39.47800,0.63%,1655703
2020-09-14,42.07700,42.71700,42.07700,42.33000,39.88300,1.03%,2388120
2020-09-15,42.67000,42.96300,42.43000,42.72000,40.25000,0.92%,1122366
2020-09-16,42.70000,43.28700,42.38000,42.43300,39.98000,-0.67%,1626063
2020-09-17,41.81300,41.81300,41.19700,41.48000,39.08200,-2.25%,2608788
2020-09-18,41.66700,41.83000,40.59700,40.81700,38.45700,-1.60%,3721437
2020-09-21,40.10300,40.94300,39.89700,40.68300,38.33100,-0.33%,2729775
2020-09-22,40.70300,41.11700,40.08700,41.10700,38.73000,1.04%,2466663
2020-09-23,41.24000,41.24000,39.86700,39.91000,37.60300,-2.91%,1798173
2020-09-24,39.85700,40.75700,39.75000,40.43300,38.09600,1.31%,1758264
2020-09-25,40.38300,41.37000,40.23000,41.34300,38.95300,2.25%,1575306
2020-09-28,41.95300,42.11300,41.32700,41.79000,39.37400,1.08%,2515464
2020-09-29,41.77300,42.12000,39.33700,40.46000,38.12100,-3.18%,7978659
2020-09-30,40.69300,41.47300,40.43300,40.90300,38.53900,1.09%,5928669
2020-10-01,41.31300,41.52300,40.95700,41.30700,38.91900,0.99%,3351891
2020-10-02,40.88700,41.55700,40.75300,41.18000,38.79900,-0.31%,2144064
2020-10-05,41.39700,41.66300,40.90000,41.62300,39.21700,1.08%,1952124
2020-10-06,41.66300,41.93000,41.03000,41.19000,38.80900,-1.04%,2298474
2020-10-07,41.12700,41.60000,40.72700,40.99300,38.62300,-0.48%,2611053
2020-10-08,41.24500,41.63000,41.10700,41.53300,39.13200,1.32%,1889997
2020-10-09,42.00700,42.11700,41.57300,41.68700,39.27700,0.37%,1227795
2020-10-12,41.93700,42.44000,41.75000,42.12700,39.69100,1.06%,1269633
2020-10-13,42.29000,42.31300,41.78000,42.12700,39.69100,,1880292
2020-10-14,42.43300,42.76000,42.33700,42.55000,40.09000,1.00%,1686261
2020-10-15,42.16700,42.81300,42.05000,42.80300,40.32900,0.59%,1230168
2020-10-16,42.88600,43.30000,42.62700,42.95700,40.47300,0.36%,2182530
2020-10-19,43.23700,43.36700,42.46300,42.49300,40.03700,-1.08%,2660517
2020-10-20,42.50300,43.69300,42.50300,42.99700,40.51100,1.19%,2654526
2020-10-21,43.49000,44.68000,42.66700,44.12300,41.57200,2.62%,3317739
2020-10-22,44.39000,44.39000,43.32700,43.36300,40.85600,-1.72%,1806840
2020-10-23,43.52000,43.52000,42.47700,43.04000,40.55200,-0.74%,1736175
2020-10-26,42.58700,42.79000,42.19000,42.46000,40.00500,-1.35%,1881444
2020-10-27,42.58000,42.76700,41.69000,41.70000,39.28900,-1.79%,1598580
2020-10-28,41.25000,41.45800,40.34000,40.57700,38.23100,-2.69%,1816104
2020-10-29,40.57700,41.23000,40.25000,40.67000,38.31900,0.23%,1812381
2020-10-30,40.35300,40.99300,39.92000,40.33000,37.99800,-0.84%,2461299
2020-11-02,40.81700,41.63000,40.75300,41.06000,38.68600,1.81%,1591164
2020-11-03,41.69300,42.32300,41.39000,41.63700,39.23000,1.41%,1292091
2020-11-04,42.01300,43.84300,42.01000,43.10000,40.60800,3.51%,2060271
2020-11-05,43.18700,44.61700,43.18700,44.40300,41.83600,3.02%,2536701
2020-11-06,44.40700,44.65700,43.93700,44.40000,41.83300,-0.01%,1799424
2020-11-09,46.50000,46.50000,43.08300,43.22700,40.72800,-2.64%,3042333
2020-11-10,43.09000,43.32700,42.01700,42.37700,39.92700,-1.97%,3720021
2020-11-11,42.53000,43.77300,42.51000,43.26300,40.76200,2.09%,1977003
2020-11-12,43.42300,43.42500,42.15200,42.28300,39.83900,-2.27%,1894482
2020-11-13,42.48300,42.73700,41.77000,41.94000,39.51500,-0.81%,2319891
2020-11-16,42.18700,42.18700,41.37700,41.84300,39.42400,-0.23%,3278829
2020-11-17,41.96300,42.01700,41.21800,41.44300,39.04700,-0.96%,2975481
2020-11-18,41.34300,41.38700,40.74300,40.91000,38.54500,-1.29%,3004062
2020-11-19,41.36700,42.23300,40.95300,41.58700,39.18200,1.65%,3334932
2020-11-20,41.73000,42.45700,41.55300,42.11000,39.67600,1.26%,2837562
2020-11-23,42.26700,42.49000,41.61300,42.00300,39.57500,-0.25%,2125491
2020-11-24,42.04300,42.57300,42.01700,42.42300,39.97100,1.00%,2728545
2020-11-25,42.39700,42.73500,42.34500,42.44300,39.99000,0.05%,2235924
2020-11-27,42.32300,42.50300,42.09300,42.37300,39.92400,-0.16%,1552938
2020-11-30,42.34000,42.76000,42.14300,42.66300,40.19700,0.68%,3112797
2020-12-01,42.44300,43.46500,42.44300,43.30300,40.80000,1.50%,2190522
2020-12-02,43.23700,43.33300,42.75000,43.12000,40.62700,-0.42%,1707966
2020-12-03,42.29000,42.34700,41.09000,41.63300,39.38000,-3.45%,5596983
2020-12-04,41.62000,42.33300,41.56000,41.76700,39.50600,0.32%,2550444
2020-12-07,41.82000,42.98700,41.81700,42.85300,40.53400,2.60%,5088153
2020-12-08,42.83300,43.06700,42.43300,42.88300,40.56300,0.07%,1864113
2020-12-09,42.96300,43.22000,41.36000,42.03300,39.75900,-1.98%,2914443
2020-12-10,41.91700,42.12000,41.54300,41.66300,39.40900,-0.88%,2107305
2020-12-11,41.52000,41.99000,41.33700,41.89000,39.62300,0.54%,1651716
2020-12-14,42.24000,42.70000,41.30000,41.34700,39.10900,-1.30%,1921797
2020-12-15,41.59700,42.79000,41.54800,42.43000,40.13400,2.62%,2555589
2020-12-16,42.63300,42.77000,42.23500,42.36700,40.07400,-0.15%,3331185
2020-12-17,42.61300,43.15700,42.43300,42.83300,40.51500,1.10%,3154239
2020-12-18,42.73000,43.21300,42.65000,42.86700,40.54700,0.08%,5128356
2020-12-21,42.60700,42.85500,41.42500,42.68300,40.37400,-0.43%,3337200
2020-12-22,42.34300,43.46000,42.24700,43.30000,40.95700,1.45%,3123543
2020-12-23,43.49700,43.58000,42.64700,42.65000,40.34200,-1.50%,1479507
2020-12-24,42.66000,42.91300,42.53000,42.87300,40.55300,0.52%,575487
2020-12-28,43.02700,43.07300,42.64000,42.95000,40.62600,0.18%,1373952
2020-12-29,43.21700,43.29000,42.96700,43.04700,40.71700,0.23%,910797
2020-12-30,43.26000,43.51000,43.15300,43.38000,41.03200,0.77%,1199061
2020-12-31,43.33300,44.29000,43.16000,44.24700,41.85200,2.00%,1534131
2021-01-04,44.57700,44.64300,43.56700,44.00300,41.62200,-0.55%,4331457
2021-01-05,44.09700,44.34700,43.84700,43.99000,41.60900,-0.03%,3305445
2021-01-06,44.11700,45.49700,43.97300,45.13300,42.69100,2.60%,3068307
2021-01-07,44.98000,45.62700,44.89000,45.60000,43.13200,1.03%,2645232
2021-01-08,45.14300,46.38000,45.14300,46.27000,43.76600,1.47%,2361216
2021-01-11,46.07000,47.29000,46.00000,46.96700,44.42500,1.51%,3387540
2021-01-12,46.99700,47.56000,46.95300,47.30700,44.74700,0.72%,2827761
2021-01-13,47.35700,47.83300,47.33300,47.49700,44.92600,0.40%,4243440
2021-01-14,47.74000,47.75700,46.93000,47.37700,44.81300,-0.25%,2877261
2021-01-15,47.14700,47.50700,46.46000,46.68000,44.15400,-1.47%,8262501
2021-01-19,47.40300,47.66700,46.74700,47.42000,44.85400,1.59%,2688879
2021-01-20,47.79300,48.10000,47.16700,47.89000,45.29800,0.99%,3800934
2021-01-21,48.03000,48.13300,46.81700,47.13300,44.58300,-1.58%,2078061
2021-01-22,47.09700,47.17500,46.40700,46.80700,44.27400,-0.69%,3380955
2021-01-25,46.84700,47.60700,46.57300,47.43300,44.86600,1.34%,2508399
2021-01-26,47.57700,47.77000,46.82800,47.04300,44.49800,-0.82%,2914596
2021-01-27,46.83000,47.88300,45.85000,47.06700,44.52000,0.05%,4776417
2021-01-28,47.12300,47.79000,46.32000,46.34300,43.83500,-1.54%,2939247
2021-01-29,46.03300,46.03300,44.73700,45.09000,42.65000,-2.70%,3366921
2021-02-01,45.51000,46.35700,45.16700,46.20300,43.70300,2.47%,2620071
2021-02-02,46.37700,47.70300,46.20300,47.53700,44.96400,2.89%,2701707
2021-02-03,47.42700,47.70000,47.00700,47.38700,44.82200,-0.32%,2638197
2021-02-04,47.55300,48.46700,47.43200,47.85700,45.26700,0.99%,2472438
2021-02-05,47.94000,48.17300,47.31700,47.53000,44.95800,-0.68%,2040381
2021-02-08,47.70000,47.94700,47.30700,47.48300,44.91400,-0.10%,1480161
2021-02-09,47.54700,47.99000,47.33800,47.71000,45.12800,0.48%,1261794
2021-02-10,48.00000,48.13000,47.04700,47.49000,44.92000,-0.46%,1529151
2021-02-11,47.68000,47.74700,47.20000,47.45700,44.88900,-0.07%,1398300
2021-02-12,47.50300,47.84500,47.27700,47.33000,44.76900,-0.27%,1454766
2021-02-16,47.68300,48.06300,47.13000,47.99700,45.39900,1.41%,2549694
2021-02-17,47.74000,48.37000,47.66700,48.23000,45.62000,0.49%,2334957
2021-02-18,48.09300,48.49000,47.87700,48.29300,45.68000,0.13%,2128941
2021-02-19,48.39700,48.61000,48.10000,48.14300,45.53800,-0.31%,2007453
2021-02-22,47.81300,47.81300,46.67000,47.20700,44.65200,-1.94%,2727399
2021-02-23,47.03700,47.12800,46.28700,46.78000,44.24800,-0.90%,2970300
2021-02-24,46.60300,47.40700,46.14000,47.33000,44.76900,1.18%,1826748
2021-02-25,47.36000,47.85000,46.72700,46.77300,44.24200,-1.18%,1936659
2021-02-26,46.81700,46.99300,45.93300,46.09700,43.60200,-1.45%,2813964
2021-03-01,46.56000,47.61700,46.46700,47.29000,44.73100,2.59%,2086602
2021-03-02,47.19300,47.40300,46.38000,46.88000,44.34300,-0.87%,1857981
2021-03-03,46.70000,46.98300,45.51700,45.57000,43.10400,-2.79%,1862619
2021-03-04,45.87500,46.71700,45.19000,46.00000,43.51100,0.94%,3552414
2021-03-05,46.35000,48.37000,46.16700,48.23300,45.62300,4.85%,3595821
2021-03-08,48.29700,49.17300,47.95300,48.33000,45.71500,0.20%,5225073
2021-03-09,48.28700,49.84700,48.28700,48.88300,46.23800,1.14%,3341625
2021-03-10,49.02700,49.10300,48.14500,48.18300,45.57600,-1.43%,2215725
2021-03-11,48.30000,48.30000,47.58300,48.03300,45.58800,-0.31%,2143527
2021-03-12,48.18700,48.36300,47.69000,48.14000,45.69000,0.22%,1391295
2021-03-15,48.09700,48.68700,47.69800,48.66300,46.18600,1.09%,1592652
2021-03-16,48.68700,49.02700,48.16000,48.49000,46.02200,-0.36%,2699481
2021-03-17,48.32000,48.59000,47.45000,48.00700,45.56300,-1.00%,5062665
2021-03-18,48.02000,48.63000,47.62300,48.31300,45.85400,0.64%,5465712
2021-03-19,48.33300,48.94300,47.93000,48.58000,46.10700,0.55%,6568962
2021-03-22,48.58000,49.39700,48.25300,49.04000,46.54400,0.95%,3654531
2021-03-23,48.61700,49.64800,48.61700,49.19000,46.68600,0.31%,3894984
2021-03-24,49.24000,49.53700,48.92700,49.11000,46.61000,-0.16%,1930185
2021-03-25,49.17300,49.17300,48.50700,48.85700,46.37000,-0.52%,2036154
2021-03-26,48.89000,50.26700,48.77700,50.24000,47.68300,2.83%,1861275
2021-03-29,49.94300,50.48700,49.71700,50.28000,47.72100,0.08%,1556148
2021-03-30,50.20300,50.28700,49.04700,49.15000,46.64800,-2.25%,2118600
2021-03-31,49.09700,49.72700,49.00300,49.15300,46.65100,0.01%,2665755
2021-04-01,49.39000,50.50700,49.23000,50.28300,47.72400,2.30%,1964418
2021-04-05,50.33300,50.80000,50.23700,50.70000,48.11900,0.83%,2197464
2021-04-06,50.59000,50.99300,50.44700,50.88700,48.29700,0.37%,1449054
2021-04-07,50.87300,50.89700,50.02000,50.26000,47.70200,-1.23%,2040864
2021-04-08,50.63000,51.24000,50.51700,51.17300,48.56900,1.82%,2213004
2021-04-09,51.40300,52.12000,51.27000,52.03300,49.38500,1.68%,1765737
2021-04-12,52.12700,52.41300,51.89700,52.03000,49.38200,-0.01%,1774107
2021-04-13,52.13000,52.67700,51.92300,52.64300,49.96400,1.18%,1590366
2021-04-14,52.30700,52.90700,52.25700,52.48000,49.80900,-0.31%,1657185
2021-04-15,52.57700,53.71000,52.57700,53.35000,50.63500,1.66%,1976556
2021-04-16,53.64000,53.83700,53.21000,53.39000,50.67300,0.07%,3037815
2021-04-19,53.29000,53.30000,52.48700,52.87700,50.18500,-0.96%,2465223
2021-04-20,52.97300,53.75500,52.93800,53.22700,50.51700,0.66%,3034725
2021-04-21,53.47700,53.99600,52.36300,53.10700,50.40400,-0.23%,3333285
2021-04-22,53.46300,54.11300,53.09300,53.24000,50.53000,0.25%,1927536
2021-04-23,53.40300,54.42300,53.18700,54.15700,51.40000,1.72%,2040099
2021-04-26,54.27000,54.28000,53.19300,53.34300,50.62800,-1.50%,1659705
2021-04-27,53.26300,53.62300,52.89800,53.60000,50.87200,0.48%,1989855
2021-04-28,53.72300,53.82300,52.90300,53.21700,50.50800,-0.71%,1906608
2021-04-29,53.60700,53.99700,53.13300,53.96300,51.21700,1.40%,1726743
2021-04-30,53.85700,54.10500,53.49300,53.84700,51.10600,-0.21%,1542963
2021-05-03,54.02700,54.54000,53.67300,54.16300,51.40600,0.59%,1903035
2021-05-04,54.17000,54.55300,53.27000,54.51300,51.73900,0.65%,2963922
2021-05-05,54.65700,54.74800,54.07700,54.51700,51.74200,0.01%,2333799
2021-05-06,54.67700,54.67700,54.04300,54.52700,51.75100,0.02%,1845240
2021-05-07,54.61700,54.97300,54.49300,54.85300,52.06100,0.60%,1478517
2021-05-10,55.24800,55.59700,54.47700,54.51000,51.73600,-0.63%,1867815
2021-05-11,53.77000,53.95300,53.04000,53.24300,50.53300,-2.32%,2451630
2021-05-12,52.95700,53.46900,52.24000,52.78700,50.10000,-0.86%,3358149
2021-05-13,52.92000,53.94000,52.92000,53.63300,50.90300,1.60%,1378662
2021-05-14,53.90300,54.98000,53.79200,54.78700,51.99800,2.15%,2094189
2021-05-17,54.73300,54.95700,54.37000,54.58300,51.80500,-0.37%,1488057
2021-05-18,54.70300,54.84300,53.95700,53.98000,51.23200,-1.10%,1572525
2021-05-19,53.41300,53.72700,53.14700,53.64700,50.91600,-0.62%,1946415
2021-05-20,53.83700,54.84300,53.75000,54.48700,51.71300,1.57%,1247001
2021-05-21,54.30000,54.94700,54.29300,54.62300,51.84300,0.25%,4049520
2021-05-24,54.78000,55.33700,54.78000,54.97300,52.17500,0.64%,1210167
2021-05-25,55.20300,55.38700,54.60300,54.77000,51.98200,-0.37%,1465236
2021-05-26,54.89000,55.46000,54.87700,55.15000,52.34300,0.69%,1362720
2021-05-27,55.23700,55.39700,54.97700,55.32700,52.51100,0.32%,2170386
2021-05-28,55.71700,55.95000,55.37000,55.82000,52.97900,0.89%,1406829
2021-06-01,56.06700,56.22000,54.75700,54.81700,52.02700,-1.80%,1939260
2021-06-02,55.19700,55.78000,55.00000,55.61300,52.78300,1.45%,2823516
2021-06-03,55.63000,56.25000,55.41300,56.02000,53.16900,0.73%,2382153
2021-06-04,56.22700,56.80000,55.87000,56.74300,53.85500,1.29%,1697679
2021-06-07,56.97000,57.00000,56.21000,56.30000,53.43400,-0.78%,1742796
2021-06-08,56.48300,56.78300,56.26300,56.32000,53.45300,0.04%,1913040
2021-06-09,56.47000,56.51300,56.14300,56.37300,53.50400,0.09%,1672845
2021-06-10,56.52000,56.52000,56.02500,56.12000,53.43400,-0.45%,1680978
2021-06-11,56.75300,57.67700,56.64700,57.65000,54.89100,2.73%,2504181
2021-06-14,57.49700,58.39000,57.17000,58.38700,55.59300,1.28%,2053071
2021-06-15,58.53300,59.18300,58.35700,58.76300,55.95100,0.64%,1997460
2021-06-16,58.74700,59.46000,58.57300,59.11700,56.28800,0.60%,2835807
2021-06-17,59.36300,60.17700,58.88300,59.93000,57.06200,1.38%,3442743
2021-06-18,59.41700,59.60000,58.42000,58.60000,55.79600,-2.22%,5363427
2021-06-21,58.94000,59.76000,58.63000,59.59300,56.74200,1.69%,3135930
2021-06-22,59.64300,59.91300,59.42000,59.56700,56.71600,-0.04%,1998483
2021-06-23,59.66700,59.87700,59.20300,59.32000,56.48100,-0.41%,2843508
2021-06-24,59.63300,59.76700,59.11700,59.26700,56.43000,-0.09%,2601549
2021-06-25,59.53000,59.64300,59.06000,59.35700,56.51600,0.15%,2368518
2021-06-28,59.50300,59.57000,58.99300,59.03700,56.21100,-0.54%,2942412
2021-06-29,59.22700,59.43300,58.88300,58.95000,56.12900,-0.15%,1988637
2021-06-30,58.85000,58.90300,58.39300,58.60000,55.79600,-0.59%,3492447
2021-07-01,59.29700,59.29700,58.60000,58.67700,55.86900,0.13%,3370512
2021-07-02,58.83300,59.35000,58.64600,59.29300,56.45600,1.05%,2907009
2021-07-06,59.42700,59.47000,58.56300,58.78700,55.97300,-0.85%,2022930
2021-07-07,59.02000,59.08300,58.42500,58.72000,55.91000,-0.11%,2143728
2021-07-08,58.12000,58.45700,57.85700,58.02700,55.25000,-1.18%,1940292
2021-07-09,58.13700,58.63700,58.08000,58.59000,55.78600,0.97%,1531443
2021-07-12,58.59400,60.33000,58.59400,59.88300,57.01800,2.21%,3443187
2021-07-13,60.03700,60.33300,59.45700,59.69700,56.84000,-0.31%,2671032
2021-07-14,59.79000,59.79000,58.75000,59.36000,56.51900,-0.56%,2130957
2021-07-15,59.25000,59.83300,59.07700,59.55000,56.70000,0.32%,1949256
2021-07-16,59.49700,60.07700,59.36000,59.51700,56.66900,-0.06%,2752980
2021-07-19,59.23000,59.54300,58.64300,59.05000,56.22400,-0.78%,2778237
2021-07-20,59.25700,60.90700,58.87300,60.30000,57.41400,2.12%,3384003
2021-07-21,60.44700,62.34300,60.44700,62.09300,59.12200,2.97%,3887673
2021-07-22,62.52000,62.73700,61.71000,61.78000,58.82400,-0.50%,3082611
2021-07-23,62.03000,62.82700,61.89000,62.58700,59.59200,1.31%,2206260
2021-07-26,62.37000,62.51700,61.48300,62.19300,59.21700,-0.63%,2045682
2021-07-27,61.97700,62.69300,61.74700,61.89700,58.93500,-0.48%,1989360
2021-07-28,61.92300,62.02000,61.38300,61.84300,58.88400,-0.09%,1784955
2021-07-29,61.96300,62.51000,61.51700,62.22700,59.24900,0.62%,1687989
2021-07-30,62.18300,62.71700,61.93000,62.24300,59.26500,0.03%,1849395
2021-08-02,62.76700,62.98100,62.34300,62.81000,59.80400,0.91%,1661706
2021-08-03,63.06300,63.18000,62.57300,62.89000,59.88000,0.13%,1821228
2021-08-04,62.71000,63.48300,62.55200,63.12000,60.09900,0.37%,2186697
2021-08-05,63.33300,63.56300,62.50300,62.89300,59.88400,-0.36%,2025195
2021-08-06,63.11300,63.43500,62.52000,62.90700,59.89600,0.02%,1578564
2021-08-09,62.94000,63.01000,62.62000,62.89300,59.88400,-0.02%,1651023
2021-08-10,62.92700,63.35000,62.56000,62.95300,59.94100,0.10%,1751553
2021-08-11,63.11000,63.46200,62.89700,63.10700,60.08700,0.24%,1242474
2021-08-12,63.30700,63.62300,62.60300,63.36300,60.33100,0.41%,1366155
2021-08-13,63.40000,63.82300,63.33300,63.66300,60.61700,0.47%,931671
2021-08-16,63.76700,64.09200,63.33700,64.05700,60.99100,0.62%,1177773
2021-08-17,63.91000,63.94700,63.16200,63.33000,60.29900,-1.13%,2241267
2021-08-18,63.39700,63.39700,62.25000,62.29700,59.31500,-1.63%,2421888
2021-08-19,61.50400,63.15700,61.13700,62.67300,59.67400,0.60%,2176296
2021-08-20,62.84700,63.25700,62.43300,62.89000,59.88000,0.35%,1599363
2021-08-23,63.09700,63.87000,63.09700,63.51300,60.47400,0.99%,1534395
2021-08-24,63.78700,64.00000,63.58000,63.62000,60.57500,0.17%,1103001
2021-08-25,63.63700,64.03000,63.34700,63.87700,60.82000,0.40%,1111584
2021-08-26,63.76700,63.93700,63.32300,63.72300,60.67400,-0.24%,1276032
2021-08-27,63.73700,64.50300,63.73700,64.49300,61.40700,1.21%,1078767
2021-08-30,64.78700,65.22500,64.53000,64.70000,61.60400,0.32%,1186404
2021-08-31,64.88300,65.39700,64.65700,65.26000,62.13700,0.87%,2385648
2021-09-01,65.52700,66.13000,64.85700,65.98700,62.82900,1.11%,1725984
2021-09-02,66.17000,66.31000,65.34700,65.97000,62.81300,-0.03%,1798206
2021-09-03,66.01700,66.55700,65.94000,66.17700,63.01000,0.31%,1472529
2021-09-07,66.56300,66.56300,65.02000,65.49000,62.35600,-1.04%,1704699
2021-09-08,65.43300,66.20700,65.43300,66.14300,62.97800,1.00%,1234836
2021-09-09,65.95300,66.62700,65.84000,65.98000,62.99400,-0.25%,1561908
2021-09-10,66.21300,66.26300,65.32000,65.34700,62.38900,-0.96%,1702272
2021-09-13,65.55000,65.99900,64.32300,64.77300,61.84200,-0.88%,1642575
2021-09-14,64.86000,65.52300,64.86000,65.18300,62.23300,0.63%,1394037
2021-09-15,65.19700,65.71300,64.83300,65.28000,62.32600,0.15%,1404597
2021-09-16,65.33300,65.48700,64.85300,65.14300,62.19500,-0.21%,1229601
2021-09-17,64.95300,64.97000,63.66700,64.30000,61.39000,-1.29%,3790278
2021-09-20,63.22300,64.03700,62.83700,63.66000,60.77900,-1.00%,2307480
2021-09-21,64.15300,64.24000,63.74000,63.96700,61.07200,0.48%,1474794
2021-09-22,64.57700,64.90000,64.01700,64.83300,61.89900,1.35%,1983837
2021-09-23,65.14000,65.57700,65.08500,65.19300,62.24300,0.56%,2237457
2021-09-24,64.97000,65.70800,64.79700,65.59300,62.62500,0.61%,1987740
2021-09-27,65.54700,65.54700,64.84000,65.26000,62.30700,-0.51%,2689620
2021-09-28,64.61000,64.77700,63.12700,63.65300,60.77300,-2.46%,3929886
2021-09-29,63.97700,64.80300,63.64000,64.66300,61.73700,1.59%,2621943
2021-09-30,65.03300,65.77800,64.30700,64.34000,61.42800,-0.50%,3188202
2021-10-01,64.70700,64.91700,63.55300,64.57700,61.65400,0.37%,2393880
2021-10-04,64.49300,65.11000,62.91300,62.99000,60.13900,-2.46%,3202272
2021-10-05,63.19000,65.19300,63.08700,65.08700,62.14100,3.33%,3162561
2021-10-06,64.66300,65.30000,64.10000,64.88000,61.94400,-0.32%,2847246
2021-10-07,65.33300,66.36300,65.33300,65.97000,62.98400,1.68%,1875504
2021-10-08,66.00000,66.38300,65.51000,65.80000,62.82200,-0.26%,1607262
2021-10-11,65.53000,67.50000,65.42000,65.89300,62.91100,0.14%,2607813
2021-10-12,66.14000,66.30000,65.39700,65.82700,62.84800,-0.10%,2246298
2021-10-13,65.89300,66.28000,65.05000,65.80700,62.82800,-0.03%,2365032
2021-10-14,66.37000,67.07300,66.29700,66.88000,63.85300,1.63%,2102415
2021-10-15,67.14000,67.80700,66.77500,67.67300,64.61100,1.19%,2285271
2021-10-18,67.60700,68.17300,67.27700,67.83000,64.76000,0.23%,2098518
2021-10-19,68.00300,69.62000,68.00000,69.62000,66.46900,2.64%,2815104
2021-10-20,69.56000,69.93300,65.58300,66.38700,63.38200,-4.64%,7260861
2021-10-21,66.31000,67.31700,65.55300,66.28700,63.28700,-0.15%,3853623
2021-10-22,66.44700,67.31300,66.44300,67.24000,64.19700,1.44%,1868079
2021-10-25,67.14700,67.25700,65.96300,67.16700,64.12700,-0.11%,1921254
2021-10-26,67.43700,68.10300,66.68000,67.16000,64.12100,-0.01%,2506980
2021-10-27,67.01700,67.94300,66.66700,67.46300,64.41000,0.45%,2015859
2021-10-28,67.40000,69.00700,67.37700,69.00300,65.88000,2.28%,1959852
2021-10-29,68.88000,70.22000,68.71300,69.95700,66.79100,1.38%,2027853
2021-11-01,70.34300,70.55400,68.88000,69.96700,66.80000,0.01%,1770762
2021-11-02,70.09000,71.15700,69.76000,70.40700,67.22000,0.63%,2319012
2021-11-03,70.19700,70.61000,68.94000,69.82700,66.66700,-0.82%,2143170
2021-11-04,70.45000,70.93300,69.92700,70.75700,67.55400,1.33%,1515171
2021-11-05,71.14000,71.65200,70.62800,70.94300,67.73300,0.26%,1725549
2021-11-08,71.36700,71.40500,69.84700,70.56300,67.37000,-0.54%,1698189
2021-11-09,70.71700,70.87300,70.03300,70.27000,67.09000,-0.42%,1858506
2021-11-10,70.05000,70.27000,68.82000,69.12700,65.99800,-1.63%,1940751
2021-11-11,69.38300,69.59700,68.54300,68.73300,65.62300,-0.57%,2916342
2021-11-12,69.20300,69.75500,68.16000,69.47300,66.32900,1.08%,3860352
2021-11-15,69.70000,70.44600,69.60300,69.91000,66.74600,0.63%,1555368
2021-11-16,69.85300,71.21500,69.66700,70.65700,67.45900,1.07%,1454679
2021-11-17,70.91700,71.09000,69.54000,69.98000,66.81300,-0.96%,2126925
2021-11-18,70.38000,70.46700,69.34000,69.56700,66.41800,-0.59%,1633839
2021-11-19,69.67000,69.80300,69.11300,69.25700,66.12200,-0.45%,1731753
2021-11-22,69.49300,70.15300,69.16500,69.23000,66.09700,-0.04%,1668801
2021-11-23,69.20300,69.44700,68.01000,69.30300,66.16700,0.11%,1501932
2021-11-24,68.75300,69.59700,68.57700,69.53300,66.38600,0.33%,1800075
2021-11-26,68.61000,69.26000,67.68000,67.89300,64.82100,-2.36%,1696737
2021-11-29,68.89000,70.11500,68.60300,69.69300,66.53900,2.65%,2699052
2021-11-30,69.24300,69.65800,67.56700,67.74300,64.67700,-2.80%,3472578
2021-12-01,68.59300,68.60300,66.29700,66.34300,63.34100,-2.07%,2614782
2021-12-02,66.67300,67.69300,66.03400,67.07700,64.21300,1.11%,2822400
2021-12-03,67.69300,67.97000,65.38300,66.70700,63.85900,-0.55%,2648355
2021-12-06,66.90000,66.99000,65.34700,65.99300,63.17600,-1.07%,3076314
2021-12-07,67.11000,68.61700,66.70000,68.51700,65.59100,3.82%,2503242
2021-12-08,68.66700,69.23000,68.15300,69.13000,66.17800,0.89%,1546245
2021-12-09,69.09700,69.21700,68.02000,68.04700,65.14100,-1.57%,1154214
2021-12-10,68.73700,68.73700,67.67300,68.59300,65.66500,0.80%,1141569
2021-12-13,68.72700,69.09800,68.07000,68.49300,65.56900,-0.15%,1860204
2021-12-14,67.81300,68.11700,65.87300,66.57700,63.73400,-2.80%,3169677
2021-12-15,66.81300,67.36300,66.23300,67.34300,64.46800,1.15%,2519409
2021-12-16,67.97700,68.88300,67.60000,67.88300,64.98500,0.80%,3040443
2021-12-17,67.56700,67.80700,66.58300,67.02300,64.16200,-1.27%,2719353
2021-12-20,66.13800,66.54300,65.25300,66.16700,63.34200,-1.28%,1519974
2021-12-21,66.69300,67.47300,66.53200,67.41300,64.53500,1.88%,1280784
2021-12-22,67.42000,68.11700,67.15300,68.06700,65.16100,0.97%,1792092
2021-12-23,68.33300,68.91000,68.16700,68.47300,65.55000,0.60%,1780812
2021-12-27,68.76700,69.66700,68.61300,69.66000,66.68600,1.73%,1978827
2021-12-28,69.90300,70.23000,69.66300,69.91000,66.92500,0.36%,1168398
2021-12-29,70.09000,70.55200,69.88700,69.99000,67.00200,0.11%,812016
2021-12-30,70.01300,70.47000,69.60300,69.70300,66.72700,-0.41%,998778
2021-12-31,69.66700,70.44700,69.53300,70.00300,67.01500,0.43%,1168488
2022-01-03,70.29000,70.29000,66.90700,67.48700,64.60500,-3.59%,3191394
2022-01-04,66.70300,67.28000,65.17000,65.79700,62.98700,-2.50%,4026702
2022-01-05,66.00300,66.21000,64.97000,65.00700,62.23100,-1.20%,3563121
2022-01-06,64.85800,65.26700,63.74300,65.15300,62.37200,0.22%,3145944
2022-01-07,64.77000,65.00000,63.68000,64.50300,61.74900,-1.00%,2290539
2022-01-10,63.94700,64.31700,61.95300,63.04000,60.34900,-2.27%,5330547
2022-01-11,63.15300,64.24300,62.28300,64.18700,61.44600,1.82%,2296776
2022-01-12,64.48000,64.93000,64.20700,64.41300,61.66300,0.35%,1648773
2022-01-13,64.45000,64.72300,62.25000,62.40700,59.74200,-3.11%,4106226
2022-01-14,61.89000,62.23000,61.11000,62.04700,59.39800,-0.58%,4946829
2022-01-18,61.15700,61.69300,60.73700,61.26000,58.64500,-1.27%,4254888
2022-01-19,61.40300,61.66700,60.29700,60.37000,57.79300,-1.45%,4564020
2022-01-20,60.52700,61.66700,59.88000,59.99000,57.42900,-0.63%,3063579
2022-01-21,59.67700,60.21700,58.78300,58.97300,56.45500,-1.70%,4222308
2022-01-24,58.12700,58.86300,55.83300,58.77700,56.26700,-0.33%,5160456
2022-01-25,57.74000,58.85700,57.21700,58.32700,55.83600,-0.77%,4204158
2022-01-26,58.84700,59.06000,55.60200,56.50000,54.08800,-3.13%,5050023
2022-01-27,58.25900,58.74300,56.85300,57.43700,54.98400,1.66%,4951701
2022-01-28,57.43700,58.26000,56.57700,58.22000,55.73400,1.36%,3065586
2022-01-31,58.44700,59.89300,58.33300,59.73700,57.18600,2.61%,3019938
2022-02-01,59.92300,60.24800,59.31300,60.04300,57.48000,0.51%,2695962
2022-02-02,60.26000,60.92000,60.18800,60.79300,58.19800,1.25%,2466021
2022-02-03,60.07300,60.33300,59.28500,59.34300,56.81000,-2.39%,1924698
2022-02-04,59.24700,60.28700,59.08700,59.54000,56.99800,0.33%,2460093
2022-02-07,60.22000,60.33300,59.33300,59.53000,56.98800,-0.02%,2674686
2022-02-08,59.25700,59.50700,58.22700,59.28700,56.75500,-0.41%,2182089
2022-02-09,60.03000,60.90300,59.40000,59.88300,57.32700,1.01%,2967252
2022-02-10,58.83000,60.20300,58.56000,59.06000,56.53800,-1.37%,2574138
2022-02-11,59.06300,59.19500,57.29300,57.45700,55.00400,-2.71%,3304734
2022-02-14,57.54700,57.86300,56.91700,57.31000,54.86300,-0.26%,2858223
2022-02-15,58.32700,58.78000,58.08200,58.34700,55.85600,1.81%,2357358
2022-02-16,58.15700,58.51000,57.74300,58.22000,55.73400,-0.22%,2034312
2022-02-17,57.95700,58.04300,57.20700,57.29300,54.84700,-1.59%,2166702
2022-02-18,57.27300,57.74000,56.72700,57.18000,54.73900,-0.20%,4691460
2022-02-22,56.17300,57.25400,56.11000,56.32300,53.91900,-1.50%,3178725
2022-02-23,56.72300,57.20300,55.87300,56.06300,53.67000,-0.46%,2626422
2022-02-24,53.77000,56.98700,53.66700,56.73000,54.30800,1.19%,3605415
2022-02-25,56.95300,57.73700,56.81700,57.57300,55.11500,1.49%,2863716
2022-02-28,56.87300,57.58700,56.53000,57.05000,54.61400,-0.91%,3267300
2022-03-01,56.99700,57.37700,56.32000,56.66300,54.24400,-0.68%,2320806
2022-03-02,57.12300,57.91000,56.82700,57.35700,54.90800,1.22%,2322096
2022-03-03,57.76300,57.90300,57.03000,57.49300,55.03900,0.24%,1733343
2022-03-04,57.16000,57.22700,56.37300,57.17700,54.73600,-0.55%,3417978
2022-03-07,57.10700,57.33300,56.02300,56.12300,53.72700,-1.84%,3663114
2022-03-08,55.75300,56.31000,54.14700,55.00000,52.65200,-2.00%,4746615
2022-03-09,56.13700,56.56800,55.51500,56.22300,53.82300,2.22%,2674512
2022-03-10,55.45300,55.76700,54.19300,55.49300,53.29600,-1.30%,2637534
2022-03-11,56.02000,56.15300,54.94000,54.95700,52.78100,-0.97%,2118603
2022-03-14,55.36300,55.92300,55.07300,55.52700,53.32800,1.04%,3188856
2022-03-15,55.96000,56.68000,55.65800,56.52700,54.28900,1.80%,2120406
2022-03-16,56.92700,58.03400,56.47300,57.77300,55.48600,2.20%,1757535
2022-03-17,57.76700,58.71700,57.63300,58.70000,56.37600,1.60%,1538646
2022-03-18,58.88000,59.97300,58.73000,59.74300,57.37800,1.78%,2831082
2022-03-21,59.74300,59.82000,58.88200,59.21300,56.86900,-0.89%,1571247
2022-03-22,59.33300,59.47700,58.64500,59.17000,56.82700,-0.07%,2063250
2022-03-23,59.05000,59.05000,58.01000,58.04700,55.74900,-1.90%,1488402
2022-03-24,58.22300,58.43000,57.78200,58.21000,55.90500,0.28%,1007676
2022-03-25,58.43700,58.67300,58.06700,58.42700,56.11400,0.37%,1387509
2022-03-28,58.34300,59.21200,58.34000,59.18000,56.83700,1.29%,1322616
2022-03-29,59.58000,60.69800,59.57300,60.44000,58.04700,2.13%,2312151
2022-03-30,60.32000,60.93300,60.06700,60.62700,58.22600,0.31%,2478192
2022-03-31,60.86700,61.29300,59.29300,59.40000,57.04800,-2.02%,3237483
2022-04-01,59.94000,60.69300,59.38500,60.64000,58.23900,2.09%,1910442
2022-04-04,60.74300,61.11700,60.33300,60.78700,58.38000,0.24%,2622408
2022-04-05,60.64000,61.56200,60.57300,60.68000,58.27800,-0.18%,2514540
2022-04-06,60.13300,61.39000,59.85700,61.19300,58.77100,0.85%,2650536
2022-04-07,60.95000,61.28700,60.54300,61.00000,58.58500,-0.32%,1977642
2022-04-08,61.31300,61.49000,60.77000,61.14000,58.71900,0.23%,1729845
2022-04-11,60.79300,61.07700,59.73000,60.77700,58.37100,-0.59%,2455182
2022-04-12,61.03300,61.43000,59.73300,60.02000,57.64400,-1.25%,2004759
2022-04-13,60.16000,60.60000,59.66700,60.46300,58.07000,0.74%,1190307
2022-04-14,60.57000,60.79000,59.47700,59.51700,57.16000,-1.56%,1279653
2022-04-18,59.17700,59.61200,58.88300,59.44700,57.09300,-0.12%,1360347
2022-04-19,59.26300,60.39800,59.26300,60.34700,57.95800,1.51%,1891707
2022-04-20,59.83300,59.83300,57.24200,57.60300,55.32300,-4.55%,3774852
2022-04-21,57.70300,57.87300,56.23300,56.48000,54.24400,-1.95%,3123936
2022-04-22,56.39700,56.72700,55.58700,55.61700,53.41500,-1.53%,2491230
2022-04-25,55.33700,55.79700,54.90000,55.54700,53.34800,-0.13%,3533544
2022-04-26,55.53300,55.69300,53.86700,53.89000,51.75700,-2.98%,2698821
2022-04-27,53.77700,54.48000,53.28300,53.35000,51.23800,-1.00%,6241491
2022-04-28,53.53700,54.41300,53.14300,54.18300,52.03800,1.56%,4021632
2022-04-29,53.91000,54.02800,52.35300,52.45700,50.38000,-3.19%,2778105
2022-05-02,52.41700,52.92700,51.11300,52.23000,50.16200,-0.43%,2764815
2022-05-03,52.05300,52.94200,52.03300,52.61300,50.53000,0.73%,2318706
2022-05-04,52.60000,53.46700,52.11700,53.36700,51.25400,1.43%,4362195
2022-05-05,52.94700,53.26000,51.18000,51.63300,49.58900,-3.25%,2554617
2022-05-06,51.30700,51.40700,50.19000,50.76300,48.75400,-1.68%,2025366
2022-05-09,50.19700,50.21700,48.56700,48.72700,46.79800,-4.01%,2209311
2022-05-10,49.52700,49.95700,48.07000,48.59300,46.67000,-0.28%,3365523
2022-05-11,48.34700,49.11200,47.71000,47.74300,45.85300,-1.75%,2998188
2022-05-12,47.53300,48.42300,47.07300,48.11000,46.20500,0.77%,2364438
2022-05-13,48.42300,49.50600,48.42300,49.16300,47.21700,2.19%,2565792
2022-05-16,49.10000,49.22500,48.50300,48.71000,46.78200,-0.92%,1954785
2022-05-17,49.54700,49.75300,49.11000,49.59700,47.63300,1.82%,2902536
2022-05-18,49.28700,49.28700,47.21000,47.36300,45.48800,-4.50%,2166570
2022-05-19,46.96700,47.92300,46.77000,47.69300,45.80500,0.70%,3315324
2022-05-20,48.08700,48.78000,47.84700,48.71000,46.78200,2.13%,5956782
2022-05-23,49.15000,49.48000,48.57300,49.23700,47.28700,1.08%,2484624
2022-05-24,48.81000,49.08800,48.03300,48.87700,46.94200,-0.73%,2338827
2022-05-25,48.74000,49.46300,48.56700,49.16700,47.22000,0.59%,2639613
2022-05-26,49.40300,50.51700,49.17000,50.31000,48.31800,2.32%,2370729
2022-05-27,50.84000,51.89700,50.39300,51.88000,49.82600,3.12%,2790150
2022-05-31,51.43000,52.12300,51.32700,51.75300,49.70400,-0.24%,4908768
2022-06-01,51.81300,52.13000,50.72700,50.75700,48.74700,-1.92%,1746084
2022-06-02,50.87000,51.60700,50.46800,51.60300,49.56000,1.67%,2674404
2022-06-03,51.36700,51.49300,50.91000,51.35700,49.32300,-0.48%,1748097
2022-06-06,51.74300,52.24700,51.18700,51.37000,49.33600,0.03%,2028270
2022-06-07,50.95300,51.60000,50.79700,51.58700,49.54400,0.42%,1668402
2022-06-08,51.39700,52.10700,51.10300,51.30300,49.27200,-0.55%,2175207
2022-06-09,51.08000,51.57300,50.83700,50.91700,49.09300,-0.75%,2419815
2022-06-10,50.43700,50.63700,49.58300,50.06300,48.27000,-1.68%,3722382
2022-06-13,48.92000,49.48000,48.28800,48.95300,47.20000,-2.22%,3696774
2022-06-14,49.05000,49.07200,48.06000,48.62300,46.88200,-0.67%,4787589
2022-06-15,48.77700,50.53700,48.74700,49.97300,48.18300,2.78%,3161508
2022-06-16,49.31000,49.78000,48.75300,49.51700,47.74300,-0.91%,3531294
2022-06-17,49.47300,50.19000,49.19800,49.61700,47.84000,0.20%,7043154
2022-06-21,50.00000,51.18500,49.99800,50.87700,49.05400,2.54%,3176145
2022-06-22,50.46700,51.65700,50.00000,51.20300,49.36900,0.64%,2798409
2022-06-23,51.57700,52.87700,51.41300,52.75300,50.86400,3.03%,4616751
2022-06-24,53.04000,53.33300,52.61000,53.09300,51.19200,0.64%,4764159
2022-06-27,53.27000,53.32400,52.50300,52.64300,50.75800,-0.85%,2247177
2022-06-28,52.64300,53.11300,51.52000,51.55300,49.70700,-2.07%,1933113
2022-06-29,51.51700,51.67300,50.63000,51.02000,49.19300,-1.03%,2322282
2022-06-30,50.51700,51.34500,50.33000,50.84700,49.02500,-0.34%,2357898
2022-07-01,50.77000,52.04300,50.66200,51.86300,50.00600,2.00%,2646843
2022-07-05,51.67000,52.57800,51.20000,52.49700,50.61600,1.22%,2409129
2022-07-06,52.73700,53.30700,52.16300,52.26300,50.39100,-0.45%,2733723
2022-07-07,52.17300,52.63300,51.93000,52.23300,50.36200,-0.06%,2158812
2022-07-08,52.15300,52.49300,51.79300,52.18700,50.31700,-0.09%,2105715
2022-07-11,52.01000,52.76700,51.80700,52.54300,50.66100,0.68%,1981818
2022-07-12,52.59300,53.32300,51.44000,51.59000,49.74200,-1.81%,3583479
2022-07-13,50.79000,51.75300,50.77300,51.44700,49.60400,-0.28%,1594239
2022-07-14,50.77300,51.33700,50.51300,51.17300,49.34000,-0.53%,1887519
2022-07-15,51.43300,52.36300,51.43300,52.35700,50.48100,2.31%,1929066
2022-07-18,52.58700,52.82000,51.43000,51.59300,49.74500,-1.46%,2061363
2022-07-19,52.15700,53.28300,51.98400,53.10700,51.20500,2.93%,2207040
2022-07-20,54.17700,56.66300,54.16700,56.34700,54.32800,6.10%,4931868
2022-07-21,56.53300,58.01700,56.14300,58.00000,55.92300,2.93%,3719946
2022-07-22,58.02300,58.30000,57.16000,57.53300,55.47300,-0.81%,4148859
2022-07-25,57.58000,57.99700,56.92700,57.33300,55.28000,-0.35%,2984532
2022-07-26,56.96000,57.75700,56.66700,57.67000,55.60400,0.59%,3321243
2022-07-27,57.99300,58.33300,57.60500,57.99700,55.91900,0.57%,2544108
2022-07-28,58.13700,60.08700,57.97300,59.80700,57.66500,3.12%,3229290
2022-07-29,59.72300,60.44700,59.56000,60.30000,58.14000,0.82%,2257728
2022-08-01,59.76000,60.26700,59.43000,59.62000,57.48500,-1.13%,1902600
2022-08-02,59.39000,59.90300,59.06300,59.56300,57.43000,-0.10%,2003433
2022-08-03,59.69300,60.24000,59.45800,60.05700,57.90600,0.83%,1860444
2022-08-04,60.24300,61.04000,60.21700,60.93000,58.74800,1.45%,1961307
2022-08-05,60.50300,60.93700,60.14000,60.69000,58.51600,-0.39%,1461291
2022-08-08,60.69700,61.32000,60.58300,60.95000,58.76700,0.43%,1031343
2022-08-09,60.79700,61.16700,60.66900,61.05700,58.87000,0.18%,1349787
2022-08-10,61.76000,62.42300,61.68000,62.20000,59.97200,1.87%,2002407
2022-08-11,62.42000,62.66000,61.98000,62.19000,59.96300,-0.02%,1325577
2022-08-12,62.78700,63.51300,62.41000,63.47300,61.20000,2.06%,1431867
2022-08-15,63.24700,64.78300,63.00000,63.98300,61.69200,0.80%,2126109
2022-08-16,63.89700,63.98300,63.15700,63.86300,61.57600,-0.19%,1927788
2022-08-17,63.78700,64.78900,63.64000,64.59300,62.28000,1.14%,1908285
2022-08-18,64.46700,64.66300,63.53700,64.04000,61.74600,-0.86%,1774290
2022-08-19,63.45000,63.45000,62.12000,62.37000,60.13600,-2.61%,2968314
2022-08-22,62.04300,62.59300,61.68700,61.94300,59.72500,-0.68%,1828548
2022-08-23,61.39300,61.79700,61.04300,61.44000,59.23900,-0.81%,1870344
2022-08-24,61.48300,62.21700,61.44000,62.07300,59.85000,1.03%,2077506
2022-08-25,62.12000,62.54800,61.86700,62.39700,60.16200,0.52%,992838
2022-08-26,62.41000,62.56700,60.67000,60.69000,58.51600,-2.74%,1778451
2022-08-29,60.32000,60.82000,59.64000,59.70000,57.56200,-1.63%,1742694
2022-08-30,60.16000,60.44800,59.37000,59.60000,57.46500,-0.17%,2037786
2022-08-31,59.90000,60.26000,59.33500,59.53000,57.39800,-0.12%,3367434
2022-09-01,59.03000,60.06000,58.80000,59.99000,57.84100,0.77%,1881880
2022-09-02,60.41000,61.24500,59.50000,59.68000,57.54200,-0.52%,1570630
2022-09-06,59.75000,60.66000,59.53500,60.62000,58.44900,1.58%,1972422
2022-09-07,60.66000,62.46000,60.66000,62.42000,60.18400,2.97%,1724760
2022-09-08,62.02000,63.13500,61.98000,63.09000,60.83000,1.07%,2154688
2022-09-09,63.10000,63.58000,63.00000,63.26000,60.99400,0.27%,1276793
2022-09-12,63.49000,64.13000,63.21000,64.11000,61.81400,1.34%,1693900
2022-09-13,62.87000,63.03000,61.55000,61.85000,59.63500,-3.53%,1615374
2022-09-14,62.31000,62.86000,61.45500,62.03000,59.80800,0.29%,1677785
2022-09-15,61.80000,62.21000,61.03000,61.11000,59.11400,-1.48%,1477032
2022-09-16,61.04000,61.15000,60.14000,61.01000,59.01700,-0.16%,3536940
2022-09-19,60.51000,60.83000,60.21000,60.73000,58.74600,-0.46%,1473041
2022-09-20,60.37000,60.57000,58.80000,59.20000,57.26600,-2.52%,1967716
2022-09-21,59.71000,60.42000,58.57000,58.57000,56.65700,-1.06%,1812984
2022-09-22,58.28000,58.37000,56.89000,57.40000,55.52500,-2.00%,1791419
2022-09-23,57.10000,57.28000,56.20000,56.93000,55.07100,-0.82%,1920982
2022-09-26,56.90000,57.14000,56.29000,56.57000,54.72200,-0.63%,1772042
2022-09-27,57.01000,57.31000,56.37000,56.96000,55.10000,0.69%,1697593
2022-09-28,57.25000,58.59000,56.91000,58.32000,56.41500,2.39%,2006350
2022-09-29,57.96000,58.03000,56.79000,57.11000,55.24500,-2.07%,2177041
2022-09-30,57.29000,58.04000,56.51000,56.68000,54.82900,-0.75%,2021565
2022-10-03,56.97000,58.40000,56.60000,58.33000,56.42500,2.91%,1863274
2022-10-04,59.22000,59.97000,59.01000,59.90000,57.94400,2.69%,1811017
2022-10-05,59.45000,60.29500,58.96000,59.72000,57.76900,-0.30%,1911304
2022-10-06,59.70000,60.39500,59.42000,59.51000,57.56600,-0.35%,1510342
2022-10-07,58.98000,59.10000,57.31000,57.66000,55.77700,-3.11%,1523199
2022-10-10,57.92500,58.00000,57.12000,57.70000,55.81500,0.07%,1154831
2022-10-11,57.59000,58.71000,57.32000,58.10000,56.20200,0.69%,1905997
2022-10-12,58.14000,58.25000,57.56000,57.58000,55.69900,-0.90%,1241826
2022-10-13,56.44000,58.68000,55.82000,58.55000,56.63800,1.68%,2262880
2022-10-14,57.97000,58.21000,54.66000,54.75000,52.96200,-6.49%,3426535
2022-10-17,55.47000,57.40000,55.47000,56.75000,54.89600,3.65%,2744621
2022-10-18,57.84000,58.13000,56.77000,57.21000,55.34100,0.81%,2806952
2022-10-19,56.97000,57.47000,55.49500,56.00000,54.17100,-2.12%,2630607
2022-10-20,56.19000,57.11500,55.94000,56.84000,54.98400,1.50%,2137171
2022-10-21,56.86000,57.85000,56.02000,57.74000,55.85400,1.58%,2378108
2022-10-24,58.04000,59.48000,57.93400,58.77000,56.85000,1.78%,1507000
2022-10-25,59.15000,60.68000,59.13000,60.55000,58.57200,3.03%,2134366
2022-10-26,60.68000,61.16000,59.94000,60.03000,58.06900,-0.86%,2428577
2022-10-27,60.39000,61.45000,60.38000,60.65000,58.66900,1.03%,1643591
2022-10-28,60.82000,62.33000,60.42000,62.28000,60.24600,2.69%,1583029
2022-10-31,62.00000,62.52000,61.85000,62.24000,60.20700,-0.06%,2623872
2022-11-01,62.57000,62.97000,61.80000,62.35000,60.31400,0.18%,1724565
2022-11-02,61.81000,62.75000,60.70000,60.72000,58.73700,-2.61%,1857424
2022-11-03,60.26000,62.21000,60.21000,61.57000,59.55900,1.40%,1805674
2022-11-04,61.96000,62.12000,60.60000,61.90000,59.87800,0.54%,1666409
2022-11-07,62.09000,62.45000,61.50000,62.41000,60.37200,0.82%,2047453
2022-11-08,62.86000,65.66000,62.53000,64.57000,62.46100,3.46%,3369730
2022-11-09,64.51000,65.25000,63.47000,63.61000,61.53200,-1.49%,3020151
2022-11-10,65.25000,66.34000,64.54000,66.21000,64.04700,4.09%,2351861
2022-11-11,66.53000,66.90000,65.94000,66.40000,64.23100,0.29%,1797364
2022-11-14,66.06000,67.12000,65.68000,66.04000,63.88300,-0.54%,1824304
2022-11-15,66.71000,66.99000,64.46000,64.79000,62.67400,-1.89%,2372248
2022-11-16,64.86000,65.69000,64.86000,65.36000,63.22500,0.88%,1303891
2022-11-17,64.85000,65.08000,64.06000,64.86000,62.74200,-0.76%,1414165
2022-11-18,65.49000,65.64000,64.64000,65.52000,63.38000,1.02%,3453472
2022-11-21,65.56000,66.25000,65.19000,65.96000,63.80600,0.67%,1468580
2022-11-22,66.16000,66.63400,65.87000,66.52000,64.34700,0.85%,1876888
2022-11-23,66.45000,67.73000,66.45000,67.13000,64.93700,0.92%,1170139
2022-11-25,67.13000,67.61000,66.74000,67.15000,64.95700,0.03%,605040
2022-11-28,66.81000,67.18200,66.20000,66.27000,64.10600,-1.31%,1452809
2022-11-29,66.15000,66.73000,65.93000,66.10000,63.94100,-0.26%,1721654
2022-11-30,66.28000,68.91000,66.13000,68.46000,66.22400,3.57%,4030937
2022-12-01,68.57000,69.11500,68.13000,68.49000,66.44600,0.04%,1089720
2022-12-02,67.74000,69.22000,67.72000,68.98000,66.92200,0.72%,1130015
2022-12-05,68.75000,68.82000,67.57000,67.86000,65.83500,-1.62%,1796596
2022-12-06,67.84000,68.10000,66.57000,67.01000,65.01100,-1.25%,2158136
2022-12-07,66.90000,67.47000,64.70100,64.84000,62.90500,-3.24%,3261863
2022-12-08,65.00000,65.46500,63.93500,64.19000,62.27500,-1.00%,2666058
2022-12-09,63.85000,64.21000,63.14000,63.20000,61.31400,-1.54%,2713760
2022-12-12,63.08000,64.70000,63.00100,64.68000,62.75000,2.34%,2198581
2022-12-13,66.14000,66.69000,64.54000,64.99000,63.05100,0.48%,2250130
2022-12-14,65.12000,65.35500,63.10000,63.59000,61.69300,-2.15%,4219930
2022-12-15,62.87000,63.34000,61.53500,61.74000,59.89800,-2.91%,2987962
2022-12-16,61.03000,61.48000,60.54000,60.62000,58.81100,-1.81%,4148866
2022-12-19,60.42000,60.90000,60.09000,60.46000,58.65600,-0.26%,2357186
2022-12-20,60.46000,60.69500,60.06000,60.12000,58.32600,-0.56%,1936645
2022-12-21,60.45000,61.86000,60.29000,61.51000,59.67500,2.31%,1511393
2022-12-22,61.14000,61.14000,60.07000,61.06000,59.23800,-0.73%,1373148
2022-12-23,60.90000,61.56000,60.62000,61.28000,59.45200,0.36%,735812
2022-12-27,61.33000,61.47000,60.70400,60.98000,59.16100,-0.49%,1119630
2022-12-28,61.22000,61.63900,60.63000,60.70000,58.88900,-0.46%,1015080
2022-12-29,61.27000,62.12000,61.21500,61.87000,60.02400,1.93%,920187
2022-12-30,61.40000,61.56000,60.74000,61.35000,59.51900,-0.84%,1187950
2023-01-03,61.53000,61.86000,61.05000,61.76000,59.91700,0.67%,1595989
2023-01-04,62.23000,62.66000,61.36500,61.65000,59.81100,-0.18%,2093299
2023-01-05,61.22000,61.37000,60.12000,60.24000,58.44300,-2.29%,1724365
2023-01-06,60.90000,61.81000,60.51000,61.65000,59.81100,2.34%,1536014
2023-01-09,61.93000,63.21000,61.76000,62.61000,60.74200,1.56%,2466483
2023-01-10,62.48000,63.08000,62.23000,62.54000,60.67400,-0.11%,1291174
2023-01-11,62.73000,63.34000,62.73000,63.02000,61.14000,0.77%,2482470
2023-01-12,63.16000,63.25000,62.18000,62.99000,61.11100,-0.05%,2557981
2023-01-13,62.42000,63.66800,62.31500,63.35000,61.46000,0.57%,2881994
2023-01-17,63.15000,63.72000,62.84000,63.37000,61.47900,0.03%,2909386
2023-01-18,63.45000,63.90000,62.71000,62.80000,60.92600,-0.90%,3289459
2023-01-19,62.17000,62.52000,60.95000,61.00000,59.18000,-2.87%,1617112
2023-01-20,61.00000,62.12000,60.64000,62.06000,60.20800,1.74%,2766489
2023-01-23,61.91000,62.79000,61.53000,62.32000,60.46100,0.42%,2227100
2023-01-24,62.42000,62.50900,61.76000,61.92000,60.07200,-0.64%,3403219
2023-01-25,58.95000,58.95000,55.90000,58.30000,56.56100,-5.85%,8213349
2023-01-26,57.88000,60.17000,57.49000,60.11000,58.31600,3.10%,4697675
2023-01-27,59.81000,60.67000,59.62000,60.50000,58.69500,0.65%,3123656
2023-01-30,60.48000,60.62000,59.32000,59.65000,57.87000,-1.40%,2268309
2023-01-31,59.85000,60.19000,59.36500,60.19000,58.39400,0.91%,2587110
2023-02-01,60.19000,60.35000,58.97000,59.50000,57.72500,-1.15%,2492863
2023-02-02,59.74000,60.65000,59.64000,60.57000,58.76300,1.80%,2331008
2023-02-03,59.90000,60.99000,59.83000,60.55000,58.74300,-0.03%,1639128
2023-02-06,60.03000,60.28000,59.21000,59.30000,57.53100,-2.06%,1490882
2023-02-07,59.30000,60.19000,58.70000,59.95000,58.16100,1.10%,2477961
2023-02-08,59.80000,60.09000,59.44200,59.64000,57.86100,-0.52%,1851880
2023-02-09,59.84000,59.99200,58.78000,58.98000,57.22000,-1.11%,1590365
2023-02-10,58.60000,59.65000,58.51000,59.62000,57.84100,1.09%,2040998
2023-02-13,59.89000,60.14000,59.16000,59.59000,57.81200,-0.05%,1974541
2023-02-14,59.54000,59.97000,58.43000,58.62000,56.87100,-1.63%,1870295
2023-02-15,58.31000,59.22000,58.27000,59.16000,57.39500,0.92%,1732788
2023-02-16,58.87000,59.10000,58.38000,58.44000,56.69600,-1.22%,1167362
2023-02-17,58.25000,58.64000,58.08000,58.56000,56.81300,0.21%,1148329
2023-02-21,57.93000,58.02000,56.50500,56.78000,55.08600,-3.04%,3089069
2023-02-22,56.96000,57.23000,56.54000,57.10000,55.39600,0.56%,2670079
2023-02-23,57.24000,57.53000,56.57000,57.20000,55.49300,0.18%,1909423
2023-02-24,56.84000,57.12000,56.57800,57.05000,55.34800,-0.26%,1160561
2023-02-27,57.61000,57.75000,56.34000,56.35000,54.66900,-1.23%,1328898
2023-02-28,56.39000,56.48000,55.98000,56.06000,54.38700,-0.51%,3278178
2023-03-01,55.79000,56.25000,55.41000,55.55000,53.89300,-0.91%,2272471
2023-03-02,55.09000,56.11000,55.06000,56.00000,54.32900,0.81%,2043405
2023-03-03,56.25000,56.32500,55.80000,56.22000,54.54300,0.39%,2373689
2023-03-06,56.34000,56.71000,55.96000,56.07000,54.39700,-0.27%,2277591
2023-03-07,55.96000,56.21500,54.95000,55.01000,53.36900,-1.89%,1914655
2023-03-08,55.00000,55.39500,54.82000,55.13000,53.48500,0.22%,1859031
2023-03-09,55.25000,55.39200,54.09000,54.32000,52.69900,-1.47%,2524582
2023-03-10,53.90000,53.90000,52.20000,52.60000,51.03100,-3.17%,3462165
2023-03-13,52.46000,53.03000,51.93000,51.97000,50.41900,-1.20%,3742413
2023-03-14,53.22000,53.64000,52.43500,52.76000,51.18600,1.52%,2754660
2023-03-15,51.69000,52.46000,51.45500,51.91000,50.36100,-1.61%,2629874
2023-03-16,51.47000,53.55000,51.10000,53.11000,51.71900,2.31%,2856753
2023-03-17,53.19000,53.85000,52.14500,52.75000,51.36900,-0.68%,5554933
2023-03-20,52.67000,53.22000,52.54000,52.92000,51.53400,0.32%,2829153
2023-03-21,53.69000,54.28000,53.35000,54.01000,52.59600,2.06%,2606882
2023-03-22,54.01000,54.43000,52.93000,52.94000,51.55400,-1.98%,2309270
2023-03-23,52.82000,53.10000,52.11500,52.49000,51.11600,-0.85%,2829299
2023-03-24,52.05000,53.07000,52.00000,53.07000,51.68000,1.10%,2892697
2023-03-27,53.61000,53.70000,53.12000,53.25000,51.85600,0.34%,1330006
2023-03-28,53.00000,53.23500,52.63000,52.94000,51.55400,-0.58%,2570350
2023-03-29,53.47000,54.28000,53.35000,54.09000,52.67400,2.17%,2123498
2023-03-30,54.32000,54.79000,53.94500,54.03000,52.61500,-0.11%,2599682
2023-03-31,54.37000,54.70000,54.03000,54.67000,53.23900,1.18%,2895920
2023-04-03,54.37000,54.60000,54.02500,54.40000,52.97600,-0.49%,3159101
2023-04-04,54.43000,54.94000,54.24000,54.70000,53.26800,0.55%,2515985
2023-04-05,54.66000,55.08500,54.29500,54.56000,53.13100,-0.26%,2933346
2023-04-06,54.63000,55.04000,54.37000,54.90000,53.46300,0.62%,2440168
2023-04-10,54.44000,54.72000,53.97500,54.38000,52.95600,-0.95%,1641222
2023-04-11,54.38000,54.70000,54.10000,54.35000,52.92700,-0.06%,2566698
2023-04-12,54.77000,55.38000,54.67500,54.89000,53.45300,0.99%,2942424
2023-04-13,54.89000,55.65000,54.67000,55.56000,54.10500,1.22%,3513787
2023-04-14,55.50000,55.59800,54.88000,55.16000,53.71600,-0.72%,6008235
2023-04-17,54.87000,55.90000,54.86000,55.77000,54.31000,1.11%,3195566
2023-04-18,55.73000,56.20500,55.51000,55.61000,54.15400,-0.29%,3626428
2023-04-19,57.00000,57.99000,56.83000,57.36000,55.85800,3.15%,5782961
2023-04-20,57.38000,57.40000,56.06000,56.49000,55.01100,-1.52%,3453881
2023-04-21,56.34000,57.00000,56.12000,56.97000,55.47800,0.85%,3163896
2023-04-24,57.09000,57.21000,56.19000,56.58000,55.09900,-0.68%,1775548
2023-04-25,56.30000,56.43000,55.21000,55.27000,53.82300,-2.32%,2103926
2023-04-26,54.94000,55.28000,53.85000,54.13000,52.71300,-2.06%,2013236
2023-04-27,54.24000,54.93000,54.02000,54.82000,53.38500,1.27%,1591589
2023-04-28,54.63000,55.41000,54.54000,55.37000,53.92000,1.00%,2268201
2023-05-01,55.24000,55.41000,54.90500,55.05000,53.60900,-0.58%,1237795
2023-05-02,54.69000,54.81300,53.41000,54.27000,52.84900,-1.42%,1745784
2023-05-03,54.46000,54.84500,53.51000,53.56000,52.15800,-1.31%,1609295
2023-05-04,53.53000,53.98000,53.37500,53.79000,52.38200,0.43%,1615774
2023-05-05,54.29000,55.00000,54.23000,54.92000,53.48200,2.10%,1978610
2023-05-08,55.00000,55.14000,54.64000,54.92000,53.48200,,1906173
2023-05-09,54.67000,55.07000,54.55000,54.56000,53.13100,-0.66%,1040357
2023-05-10,55.14000,55.27000,54.47000,55.20000,53.75500,1.17%,1778311
2023-05-11,55.07000,55.25500,54.49500,55.22000,53.77400,0.04%,1387888
2023-05-12,55.40000,55.66000,54.99000,55.14000,53.69600,-0.14%,2225080
2023-05-15,55.30000,55.53000,55.00000,55.17000,53.72500,0.05%,1224104
2023-05-16,54.87000,55.01000,54.54000,54.54000,53.11200,-1.14%,1213919
2023-05-17,54.68000,55.01000,53.94000,54.93000,53.49200,0.72%,1858846
2023-05-18,54.98000,55.30000,54.47000,55.22000,53.77400,0.53%,1620347
2023-05-19,55.35000,55.67000,54.94000,55.32000,53.87200,0.18%,1677953
2023-05-22,55.32000,55.70500,55.03000,55.46000,54.00800,0.25%,1439037
2023-05-23,55.32000,55.38000,54.20500,54.40000,52.97600,-1.91%,1939918
2023-05-24,54.01000,54.17500,53.65500,53.86000,52.45000,-0.99%,1664202
2023-05-25,53.68000,53.78500,53.08000,53.18000,51.78800,-1.26%,2287965
2023-05-26,53.04000,54.45000,52.99000,54.22000,52.80000,1.96%,3542935
2023-05-30,54.42000,55.02000,54.27000,54.95000,53.51100,1.35%,3824352
2023-05-31,54.92000,55.62000,54.36000,55.35000,53.90100,0.73%,7539716
2023-06-01,55.20000,55.49000,54.90000,55.03000,53.58900,-0.58%,2643632
2023-06-02,55.25000,56.47000,55.25000,56.33000,54.85500,2.36%,2584218
2023-06-05,56.25000,56.35500,55.72500,56.02000,54.55300,-0.55%,2420767
2023-06-06,56.02000,57.22000,55.90000,57.13000,55.63400,1.98%,2745247
2023-06-07,57.40000,58.03000,57.02000,57.05000,55.55600,-0.14%,3605770
2023-06-08,56.79000,57.75500,56.56000,57.67000,56.16000,1.09%,2844521
2023-06-09,57.82000,57.88500,57.45000,57.83000,56.31600,0.28%,1573944
2023-06-12,52.10000,53.45000,50.03000,51.00000,49.66500,-11.81%,16727746
2023-06-13,51.47000,51.80000,50.84000,51.06000,49.72300,0.12%,6385628
2023-06-14,51.05000,51.93500,50.63000,51.16000,49.82000,0.20%,7437252
2023-06-15,50.90000,52.52000,50.83000,52.27000,51.11600,2.17%,4262841
2023-06-16,52.64000,52.64000,51.10000,51.22000,50.08900,-2.01%,7422391
2023-06-20,50.85000,51.66000,50.46000,51.62000,50.48000,0.78%,4601327
2023-06-21,51.59000,51.59000,50.22000,50.56000,49.44300,-2.05%,4011032
2023-06-22,50.33000,50.41000,49.47500,49.55000,48.45600,-2.00%,4617193
2023-06-23,49.35000,49.73500,48.95000,49.64000,48.54400,0.18%,5617431
2023-06-26,49.67000,49.75000,49.32600,49.61000,48.51400,-0.06%,3202503
2023-06-27,49.53000,50.16000,49.32000,49.82000,48.72000,0.42%,4141584
2023-06-28,49.85000,50.03500,49.39500,49.58000,48.48500,-0.48%,4809039
2023-06-29,49.49000,49.85000,49.33000,49.85000,48.74900,0.54%,2877349
2023-06-30,50.13000,50.43000,49.81000,49.85000,48.74900,,3749250
2023-07-03,49.68000,50.09300,49.31500,49.70000,48.60200,-0.30%,2000640
2023-07-05,49.69000,50.00000,49.34000,49.92000,48.81800,0.44%,3628411
2023-07-06,49.42000,49.56000,48.90000,48.99000,47.90800,-1.86%,3619013
2023-07-07,48.88000,49.27000,48.65000,48.97000,47.88900,-0.04%,3138045
2023-07-10,49.00000,49.42000,48.84000,49.10000,48.01600,0.27%,5553720
2023-07-11,49.06000,49.75000,48.98000,49.71000,48.61200,1.24%,3792835
2023-07-12,50.07000,50.27500,49.83000,50.00000,48.89600,0.58%,2991518
2023-07-13,50.16000,51.27500,50.09000,51.17000,50.04000,2.34%,3141834
2023-07-14,51.37000,51.60500,50.54000,50.61000,49.49200,-1.09%,3225848
2023-07-17,50.54500,50.97000,50.12000,50.90000,49.77600,0.57%,3629561
2023-07-18,51.04000,51.50000,50.83500,51.38000,50.24500,0.94%,5437755
2023-07-19,51.65000,52.55000,50.32000,50.43000,49.31600,-1.85%,5672519
2023-07-20,50.66000,50.66000,49.15000,49.61000,48.51400,-1.63%,4725728
2023-07-21,50.05000,50.90000,49.61000,50.71000,49.59000,2.22%,11488437
2023-07-24,50.90000,51.25000,50.58500,51.05000,49.92300,0.67%,3487193
2023-07-25,51.03000,51.36000,50.89500,51.07000,49.94200,0.04%,2821898
2023-07-26,50.94000,51.33000,50.72000,50.92000,49.79500,-0.29%,2496954
2023-07-27,50.88000,51.55000,50.13000,50.27000,49.16000,-1.28%,2079562
2023-07-28,50.31000,50.65500,50.01000,50.49000,49.37500,0.44%,1827962
2023-07-31,50.69000,50.71000,50.27500,50.49000,49.37500,,2751950
2023-08-01,50.31000,50.46000,50.08000,50.24000,49.13000,-0.50%,2065727
2023-08-02,49.83000,50.07000,49.50000,49.67000,48.57300,-1.13%,2191587
2023-08-03,49.56000,49.64000,49.10000,49.38000,48.28900,-0.58%,2663432
2023-08-04,49.53000,50.30900,49.38000,49.45000,48.35800,0.14%,2013760
2023-08-07,49.66000,50.09500,49.62700,50.00000,48.89600,1.11%,1726113
2023-08-08,49.67000,50.28000,49.39500,50.04000,48.93500,0.08%,2250884
2023-08-09,49.88000,50.67000,49.82000,50.46000,49.34600,0.84%,2646998
2023-08-10,50.63000,51.79500,50.54000,51.51000,50.37200,2.08%,3537398
2023-08-11,51.40000,51.89000,50.91000,50.96000,49.83500,-1.07%,2663529
2023-08-14,50.96000,51.33000,50.91000,51.08000,49.95200,0.24%,2683181
2023-08-15,50.92000,51.11000,50.44000,50.57000,49.45300,-1.00%,1946736
2023-08-16,50.30000,51.14000,50.18000,50.85000,49.72700,0.55%,2464044
2023-08-17,50.95000,52.28000,50.89500,51.67000,50.52900,1.61%,5205367
2023-08-18,51.32000,51.90000,51.19000,51.80000,50.65600,0.25%,3380454
2023-08-21,51.80000,51.95000,51.27000,51.79000,50.64600,-0.02%,2298961
2023-08-22,51.95000,52.09800,51.63000,51.96000,50.81200,0.33%,2594524
2023-08-23,52.00000,52.72000,51.67000,52.65000,51.48700,1.33%,2318720
2023-08-24,52.70000,53.43500,52.30000,52.33000,51.17400,-0.61%,2141518
2023-08-25,52.39000,52.95000,52.19000,52.73000,51.56500,0.76%,1866400
2023-08-28,52.82000,53.49000,52.75000,53.17000,51.99600,0.83%,1633427
2023-08-29,53.35000,54.15000,52.95000,53.34000,52.16200,0.32%,1684347
2023-08-30,53.28000,53.48000,52.48000,52.66000,51.49700,-1.27%,2146872
2023-08-31,52.76000,53.06000,52.35000,52.48000,51.32100,-0.34%,2856282
2023-09-01,52.65000,52.72000,51.81000,51.94000,50.79300,-1.03%,2937053
2023-09-05,51.80000,51.86000,50.65000,50.71000,49.59000,-2.37%,3210549
2023-09-06,50.86000,52.03000,50.68000,51.58000,50.44100,1.72%,2493961
2023-09-07,51.51000,51.70000,51.21000,51.66000,50.51900,0.16%,2109201
2023-09-08,51.66000,51.76000,51.27000,51.43000,50.29400,-0.45%,3024040
2023-09-11,51.69000,51.78000,51.08000,51.37000,50.23500,-0.12%,1660114
2023-09-12,51.24000,51.58500,51.21000,51.47000,50.33300,0.19%,1527175
2023-09-13,51.47000,51.57000,50.92000,51.10000,49.97100,-0.72%,1981125
2023-09-14,51.09000,51.49500,50.88000,51.47000,50.54800,0.72%,1830030
2023-09-15,51.47000,51.67500,50.76000,50.77000,49.86100,-1.36%,2698553
2023-09-18,50.66000,51.15000,50.53000,51.02000,50.10600,0.49%,1493771
2023-09-19,51.00000,51.37500,50.76000,50.93000,50.01800,-0.18%,2446577
2023-09-20,51.14000,51.32500,50.53000,50.57000,49.66500,-0.71%,1623930
2023-09-21,50.33000,50.36000,48.83000,48.84000,47.96600,-3.42%,2294547
2023-09-22,48.88000,49.18000,48.62000,48.67000,47.79900,-0.35%,1644199
2023-09-25,48.48000,48.68000,48.19000,48.64000,47.76900,-0.06%,1662697
2023-09-26,48.16000,48.50500,47.88000,47.98000,47.12100,-1.36%,1882471
2023-09-27,48.23000,48.55000,47.89000,48.33000,47.46500,0.73%,2015321
2023-09-28,48.39000,49.30000,48.39000,48.92000,48.04400,1.22%,2035055
2023-09-29,49.25000,49.27000,48.34000,48.59000,47.72000,-0.67%,1708238
2023-10-02,48.53000,48.54000,48.07000,48.42000,47.55300,-0.35%,3121775
2023-10-03,47.92000,48.00000,46.88000,47.25000,46.40400,-2.42%,3525552
2023-10-04,47.38000,48.87000,47.38000,48.78000,47.90700,3.24%,3324268
2023-10-05,48.78000,49.18500,48.58000,49.02000,48.14200,0.49%,2085259
2023-10-06,48.90000,49.81000,48.86000,49.61000,48.72200,1.20%,1960034
2023-10-09,49.41000,49.92000,49.36000,49.73000,48.84000,0.24%,1577427
2023-10-10,49.85000,50.09500,49.23000,49.87000,48.97700,0.28%,2302468
2023-10-11,49.87000,50.04000,49.40500,49.66000,48.77100,-0.42%,2146465
2023-10-12,49.72000,49.95000,49.12500,49.32000,48.43700,-0.68%,2161320
2023-10-13,49.53000,49.58000,49.05500,49.37000,48.48600,0.10%,1542665
2023-10-16,49.75000,50.38000,49.66000,50.30000,49.39900,1.88%,2296100
2023-10-17,50.30000,50.71000,49.87000,49.93000,49.03600,-0.74%,3687189
2023-10-18,51.29000,53.30400,50.87000,51.92000,50.99000,3.99%,6685964
2023-10-19,52.02000,52.04000,51.28000,51.29000,50.37200,-1.21%,2924114
2023-10-20,51.30000,51.54000,50.38500,50.60000,49.69400,-1.35%,2797362
2023-10-23,50.30000,50.54000,49.77000,49.82000,48.92800,-1.54%,2021739
2023-10-24,50.07000,50.38000,49.12000,49.46000,48.57400,-0.72%,2033864
2023-10-25,49.39500,49.87000,48.92000,49.49000,48.60400,0.06%,1972179
2023-10-26,49.62000,50.53000,49.62000,49.70000,48.81000,0.42%,1916621
2023-10-27,49.32000,49.41000,47.56000,47.59000,46.73800,-4.25%,2966472
2023-10-30,47.78000,49.04500,47.72000,48.91000,48.03400,2.77%,2393078
2023-10-31,49.06000,49.65000,48.88000,49.60000,48.71200,1.41%,1748759
2023-11-01,49.79000,49.86000,48.46500,48.71000,47.83800,-1.79%,2389118
2023-11-02,49.02000,49.87000,48.82000,49.86000,48.96700,2.36%,2644456
2023-11-03,50.15000,50.51000,49.82500,50.22000,49.32100,0.72%,2019422
2023-11-06,50.10000,51.21500,50.05000,50.73000,49.82200,1.02%,2650592
2023-11-07,50.92000,51.58000,50.59500,51.19000,50.27300,0.91%,2258695
2023-11-08,51.31000,52.08000,51.20000,51.74000,50.81400,1.07%,2525144
2023-11-09,52.00000,52.03000,51.30000,51.42000,50.49900,-0.62%,2089336
2023-11-10,51.58000,52.25000,51.42000,52.11000,51.17700,1.34%,1846382
2023-11-13,51.88000,52.18900,51.71500,52.09000,51.15700,-0.04%,1645375
2023-11-14,52.44000,53.43000,52.32000,53.11000,52.15900,1.96%,2436753
2023-11-15,53.40000,53.75000,53.17500,53.32000,52.36500,0.40%,2503802
2023-11-16,53.41000,53.83500,53.36500,53.54000,52.58100,0.41%,1879849
2023-11-17,53.61000,53.78000,53.36000,53.48000,52.52200,-0.11%,1816534
2023-11-20,53.50000,54.38500,53.36000,54.14000,53.17100,1.23%,2414871
2023-11-21,54.06000,54.76000,53.92000,54.62000,53.64200,0.89%,1759139
2023-11-22,54.80000,55.23000,54.80000,55.13000,54.14300,0.93%,1938030
2023-11-24,55.16000,55.40000,55.01000,55.30000,54.31000,0.31%,879711
2023-11-27,55.26000,55.30000,54.97000,55.14000,54.15300,-0.29%,1789862
2023-11-28,55.07000,55.87000,55.04000,55.58000,54.58500,0.80%,2414664
2023-11-29,55.70000,56.15000,55.56500,55.70000,54.70300,0.22%,2905932
2023-11-30,55.81000,55.93000,55.15000,55.84000,54.84000,0.25%,4484802
2023-12-01,55.75000,56.25000,55.61000,55.90000,54.89900,0.11%,2166117
2023-12-04,55.71000,56.61000,55.71000,56.23000,55.22300,0.59%,4004996
2023-12-05,56.10000,56.18000,55.32000,55.72000,54.72200,-0.91%,2673306
2023-12-06,55.90000,56.32000,55.72000,55.84000,54.84000,0.22%,2434794
2023-12-07,55.05000,55.19000,54.04000,54.13000,53.37700,-3.06%,2877829
2023-12-08,54.06000,54.39000,53.61500,53.97000,53.21900,-0.30%,2065533
2023-12-11,54.16000,54.36000,53.92000,54.22000,53.46600,0.46%,2780104
2023-12-12,54.39000,54.45000,53.87000,54.17000,53.41600,-0.09%,2717843
2023-12-13,54.23000,56.44000,54.03000,56.39000,55.60500,4.10%,4220725
2023-12-14,56.93000,57.72000,55.94500,56.11000,55.32900,-0.50%,4171463
2023-12-15,55.31000,55.64000,54.54000,54.74000,53.97800,-2.44%,5718587
2023-12-18,55.00000,55.56000,54.62000,55.38000,54.60900,1.17%,2616293
2023-12-19,55.53000,55.78000,55.18000,55.76000,54.98400,0.69%,2056393
2023-12-20,55.74500,56.17500,55.12000,55.15000,54.38300,-1.09%,2051866
2023-12-21,55.31000,56.12000,55.13000,56.09000,55.31000,1.70%,1827984
2023-12-22,56.36000,57.14500,56.17000,57.04000,56.24600,1.69%,2330528
2023-12-26,57.04000,57.70000,56.95000,57.63000,56.82800,1.03%,1344179
2023-12-27,57.59000,58.02000,57.42000,57.99000,57.18300,0.62%,1339758
2023-12-28,57.99000,58.36500,57.99000,58.24000,57.43000,0.43%,1192281
2023-12-29,58.20000,58.34500,57.79000,58.14000,57.33100,-0.17%,1524056
2024-01-02,58.00000,58.00000,56.61500,56.90000,56.10800,-2.13%,1948028
2024-01-03,56.51000,56.78000,55.85000,55.99000,55.21100,-1.60%,2493493
2024-01-04,56.01000,56.53000,56.01000,56.03000,55.25000,0.07%,2143057
2024-01-05,56.01000,56.19500,55.44000,55.67000,54.89500,-0.64%,1978964
2024-01-08,55.77000,56.74500,55.76000,56.71000,55.92100,1.87%,3022450
2024-01-09,56.56000,56.67000,56.25500,56.37000,55.58600,-0.60%,2457554
2024-01-10,56.48000,56.93500,56.18500,56.89000,56.09800,0.92%,2956483
2024-01-11,56.97000,57.10000,56.28000,56.54000,55.75300,-0.62%,2185253
2024-01-12,56.95000,57.00500,56.38500,56.93000,56.13800,0.69%,1835095
2024-01-16,56.50000,57.34000,56.33000,56.46000,55.67400,-0.83%,3534483
2024-01-17,55.98000,56.45000,55.83000,56.11000,55.32900,-0.62%,2943106
2024-01-18,56.24000,56.89000,55.89500,56.83000,56.03900,1.28%,1863664
2024-01-19,57.03000,57.97900,56.90000,57.85000,57.04500,1.79%,2179481
2024-01-22,58.13000,58.45000,57.69000,58.16000,57.35100,0.54%,2020968
2024-01-23,58.26500,58.82000,58.03500,58.38000,57.56800,0.38%,1796097
2024-01-24,58.73000,58.86000,58.15500,58.20000,57.39000,-0.31%,1918370
2024-01-25,58.46000,58.59000,57.44000,58.37000,57.55800,0.29%,1665038
2024-01-26,58.40000,58.71000,58.09500,58.62000,57.80400,0.43%,1675698
2024-01-29,58.32000,58.50000,57.55000,58.25000,57.44000,-0.63%,2378110
2024-01-30,58.11000,58.61000,58.07500,58.45000,57.63700,0.34%,2504028
2024-01-31,58.60000,60.72000,57.50500,57.77000,56.96600,-1.16%,4305777
2024-02-01,57.54000,57.74000,56.28000,57.09000,56.29600,-1.18%,2879247
2024-02-02,56.92000,57.41000,56.32000,56.65000,55.86200,-0.77%,2556831
2024-02-05,56.24000,56.39000,55.73000,55.98000,55.20100,-1.18%,2244335
2024-02-06,55.83000,56.45500,55.75500,56.32000,55.53600,0.61%,4260506
2024-02-07,56.74000,57.05500,56.32000,56.91000,56.11800,1.05%,1881466
2024-02-08,56.70000,57.18000,56.67000,56.76000,55.97000,-0.26%,1358326
2024-02-09,56.88000,57.34500,56.65000,57.25000,56.45300,0.86%,1296684
2024-02-12,57.32000,57.38000,56.72500,56.83000,56.03900,-0.73%,2152749
2024-02-13,56.22000,56.23500,55.17500,55.70000,54.92500,-1.99%,3184525
2024-02-14,56.06000,56.19000,55.35500,55.81000,55.03300,0.20%,2661252
2024-02-15,55.93000,56.31000,55.02000,55.49000,54.71800,-0.57%,4038966
2024-02-16,55.45000,55.81000,55.20000,55.42000,54.64900,-0.13%,2042738
2024-02-20,55.00000,55.60000,54.90000,55.54000,54.76700,0.22%,2745399
2024-02-21,55.39000,56.06000,55.11000,56.04000,55.26000,0.90%,2207258
2024-02-22,56.26000,56.81000,56.24000,56.56000,55.77300,0.93%,2040197
2024-02-23,56.85000,56.87000,56.35500,56.65000,55.86200,0.16%,1346114
2024-02-26,56.47000,56.63000,55.82000,56.19000,55.40800,-0.81%,1905314
2024-02-27,56.28000,56.48000,56.08500,56.37000,55.58600,0.32%,1767179
2024-02-28,56.31000,56.64300,56.20000,56.32000,55.53600,-0.09%,1920153
2024-02-29,56.67000,56.68000,56.08000,56.20000,55.41800,-0.21%,4017418
2024-03-01,56.29000,56.67500,55.51500,56.53000,55.74300,0.59%,3170635
2024-03-04,56.52000,57.12500,56.30000,56.97000,56.17700,0.78%,3621752
2024-03-05,57.00000,58.46000,56.90000,56.93000,56.13800,-0.07%,3504660
2024-03-06,57.13000,57.93000,56.75000,57.89000,57.08500,1.69%,3833017
2024-03-07,58.30000,59.21000,58.15000,59.13000,58.30700,2.14%,3979658
2024-03-08,59.30000,60.54900,58.83000,60.01000,59.17500,1.49%,4228727
2024-03-11,60.09000,60.41000,59.51000,60.03000,59.19500,0.03%,2324158
2024-03-12,59.94000,60.53000,59.73000,59.74000,58.90900,-0.48%,3480937
2024-03-13,59.71000,59.83000,59.14000,59.54000,58.92900,-0.33%,2169150
2024-03-14,59.44000,59.55000,58.23500,58.69000,58.08700,-1.43%,2075601
2024-03-15,57.96000,59.85500,57.96000,59.68000,59.06700,1.69%,3527425
2024-03-18,59.94000,60.71000,59.74000,60.29000,59.67100,1.02%,3320673
2024-03-19,60.48000,62.56000,60.22000,62.46000,61.81900,3.60%,5250142
2024-03-20,59.93000,61.52000,59.61000,60.88000,60.25500,-2.53%,18274314
2024-03-21,61.16000,63.05000,60.96000,61.84000,61.20500,1.58%,15426662
2024-03-22,61.84000,62.28000,61.47000,61.63000,60.99700,-0.34%,5194954
2024-03-25,61.51000,61.82000,61.01000,61.06000,60.43300,-0.92%,2202962
2024-03-26,62.16000,62.84500,61.95000,62.23000,61.59100,1.92%,4480998
2024-03-27,62.59000,63.08000,62.13500,63.00000,62.35300,1.24%,3036998
2024-03-28,63.51000,63.52000,62.82000,63.10000,62.45200,0.16%,2791766
2024-04-01,62.97000,63.04000,62.21000,62.29000,61.65000,-1.28%,2287324
2024-04-02,61.75000,61.81000,60.86500,61.33000,60.70000,-1.54%,3135949
2024-04-03,61.40000,61.99000,61.30000,61.58000,60.94800,0.41%,2250746
2024-04-04,62.00000,62.40000,60.84000,61.06000,60.43300,-0.84%,2076159
2024-04-05,61.05000,62.06000,60.92000,62.04000,61.40300,1.60%,1928885
2024-04-08,62.32000,62.48500,61.86300,62.14000,61.50200,0.16%,2451192
2024-04-09,63.73000,64.25000,62.61000,63.56000,62.90700,2.29%,4466996
2024-04-10,62.82000,63.60000,62.22000,63.01000,62.36300,-0.87%,2676552
2024-04-11,63.33000,63.35000,62.38000,63.06000,62.41200,0.08%,3722248
2024-04-12,62.69000,62.82000,61.01000,61.52000,60.88800,-2.44%,4148660
2024-04-15,62.23000,62.32000,60.00000,60.19000,59.57200,-2.16%,3248554
2024-04-16,60.35000,60.50000,59.72800,60.03000,59.41400,-0.27%,2825749
2024-04-17,60.68000,60.72000,59.91000,60.01000,59.39400,-0.03%,2818410
2024-04-18,60.43000,60.50000,59.89000,60.07000,59.45300,0.10%,2349165
2024-04-19,60.53000,60.56500,59.95000,60.35000,59.73000,0.47%,3084808
2024-04-22,60.81000,61.32000,60.52500,61.20000,60.57100,1.41%,2116508
2024-04-23,61.07000,61.51000,60.94500,61.09000,60.46300,-0.18%,2279889
2024-04-24,60.72000,61.57000,60.61000,61.50000,60.86800,0.67%,2893649
2024-04-25,59.21000,60.38000,58.10000,60.29000,59.67100,-1.97%,7781013
2024-04-26,59.64000,60.63000,59.40500,60.12000,59.50300,-0.28%,4792137
2024-04-29,60.00000,60.87000,59.74000,60.08000,59.46300,-0.07%,3650899
2024-04-30,59.95000,60.14000,59.66000,59.85000,59.23500,-0.38%,3704215
2024-05-01,59.89000,60.50500,59.55000,59.88000,59.26500,0.05%,2785783
2024-05-02,60.16000,60.21000,59.38000,60.07000,59.45300,0.32%,3401685
2024-05-03,60.54000,61.16000,59.70000,60.87000,60.24500,1.33%,2889284
2024-05-06,61.04000,61.68000,60.66000,61.60000,60.96700,1.20%,2915886
2024-05-07,62.06000,62.22000,60.80500,60.90000,60.27500,-1.14%,2584516
2024-05-08,60.26000,60.48000,59.36000,59.91000,59.29500,-1.63%,2585442
2024-05-09,59.90000,60.34000,59.80500,60.18000,59.56200,0.45%,1916634
2024-05-10,60.27000,60.71000,60.06500,60.66000,60.03700,0.80%,1761826
2024-05-13,60.90000,61.74800,60.54000,60.62000,59.99700,-0.07%,1866739
2024-05-14,60.82000,61.00000,60.19000,60.41000,59.79000,-0.35%,1591772
2024-05-15,60.47000,61.59000,60.47000,61.35000,60.72000,1.56%,2955488
2024-05-16,61.35000,62.72000,61.35000,62.23000,61.59100,1.43%,3794694
2024-05-17,62.25000,62.79000,61.83000,62.76000,62.11500,0.85%,2359582
2024-05-20,62.72000,62.90000,62.30000,62.45000,61.80900,-0.49%,1639079
2024-05-21,62.45000,62.86000,62.19000,62.44000,61.79900,-0.02%,1665092
2024-05-22,62.41000,62.71000,62.19000,62.45000,61.80900,0.02%,1383477
2024-05-23,62.44000,62.59000,61.46000,61.52000,60.88800,-1.49%,1586710
2024-05-24,61.64000,62.50000,61.64000,62.23000,61.59100,1.15%,1002489
2024-05-28,62.04500,62.04500,60.06000,60.20000,59.58200,-3.26%,1959645
2024-05-29,59.71000,60.04500,59.40000,59.85000,59.23500,-0.58%,2031112
2024-05-30,60.00000,60.15000,58.84000,59.05000,58.44400,-1.34%,2698056
2024-05-31,59.24000,59.70000,58.52500,59.03000,58.42400,-0.03%,6568652
2024-06-03,59.30000,59.33000,58.29500,58.74000,58.13700,-0.49%,2599112
2024-06-04,58.74000,59.49000,58.74000,59.43000,58.82000,1.17%,2495446
2024-06-05,59.62000,59.88200,58.84000,59.71000,59.09700,0.47%,1628073
2024-06-06,59.57000,59.79000,59.17100,59.26000,58.65100,-0.75%,1779312
2024-06-07,58.93000,59.34000,58.60000,58.78000,58.17600,-0.81%,2821302
2024-06-10,58.48000,59.62500,58.28000,59.30000,58.69100,0.88%,1909238
2024-06-11,58.97000,59.16000,58.63000,59.02000,58.41400,-0.47%,1620273
2024-06-12,59.69000,59.79000,59.13000,59.55000,58.93800,0.90%,2324761
2024-06-13,59.56000,59.70000,58.99000,59.20000,58.59200,-0.59%,2195341
2024-06-14,58.77000,58.90000,58.44000,58.60000,58.23600,-1.01%,2475753
2024-06-17,58.45000,59.08000,58.27500,58.63000,58.26600,0.05%,1742094
2024-06-18,58.58000,59.26000,58.33000,58.99000,58.62300,0.61%,1795343
2024-06-20,59.10000,59.30000,58.34500,59.23000,58.86200,0.41%,2418597
2024-06-21,59.20000,60.33000,58.76000,60.25000,59.87500,1.72%,3096117
2024-06-24,60.28000,61.10000,60.07500,60.10000,59.72600,-0.25%,2084334
2024-06-25,60.08000,60.17000,59.68000,59.91000,59.53800,-0.32%,1329778
2024-06-26,59.50000,60.10500,59.44000,59.76000,59.38900,-0.25%,1420422
2024-06-27,59.73000,60.57000,59.47000,60.18000,59.80600,0.70%,1973161
2024-06-28,60.42000,60.57000,59.70000,60.26000,59.88500,0.13%,4045699
2024-07-01,60.38000,60.57000,59.46000,59.48000,59.11000,-1.29%,2074182
2024-07-02,59.69000,60.33900,59.54500,59.96000,59.58700,0.81%,1842117
2024-07-03,60.15000,60.60000,60.08000,60.14000,59.76600,0.30%,1162075
2024-07-05,60.12000,60.45000,59.95000,60.38000,60.00500,0.40%,825796
2024-07-08,60.40000,60.86000,60.27000,60.44000,60.06400,0.10%,1097741
2024-07-09,60.70000,61.02500,60.46000,60.81000,60.43200,0.61%,1502818
2024-07-10,61.00000,61.66000,60.77000,61.63000,61.24700,1.35%,1631893
2024-07-11,62.21000,62.71000,62.00000,62.20000,61.81300,0.92%,2503026
2024-07-12,62.41000,63.12000,62.14000,62.70000,62.31000,0.80%,2121927
2024-07-15,62.80000,63.20500,62.60000,63.00000,62.60800,0.48%,2339753
2024-07-16,63.20000,63.61000,63.14000,63.30000,62.90700,0.48%,1829405
2024-07-17,62.95000,63.60000,62.87000,63.49000,63.09500,0.30%,2728940
2024-07-18,63.44000,63.51000,62.41000,62.48000,62.09200,-1.59%,1895161
2024-07-19,62.98000,63.02000,62.21000,62.51000,62.12100,0.05%,1506218
2024-07-22,63.10000,63.25000,62.56000,63.03000,62.63800,0.83%,1833224
2024-07-23,63.38000,63.45000,62.83500,63.13000,62.73800,0.16%,2275166
2024-07-24,63.36000,63.39000,62.43000,62.73000,62.34000,-0.63%,2988865
2024-07-25,65.00000,67.77000,64.72000,67.26000,66.84200,7.22%,7139193
2024-07-26,67.60000,67.66000,66.26000,66.96000,66.54400,-0.45%,3629860
2024-07-29,66.95000,68.40000,66.80000,67.92000,67.49800,1.43%,16151806
2024-07-30,68.33000,70.01000,68.26000,69.15000,68.72000,1.81%,14987559
2024-07-31,69.13000,69.45000,67.64000,67.68000,67.25900,-2.13%,6389377
2024-08-01,67.83000,68.53000,67.02000,67.32000,66.90200,-0.53%,3931242
2024-08-02,66.63000,67.32000,66.24000,66.86000,66.44400,-0.68%,3770290
2024-08-05,65.73000,66.29000,64.33500,64.40000,64.00000,-3.68%,3940651
2024-08-06,65.29000,66.93000,64.97000,66.19000,65.77900,2.78%,3715691
2024-08-07,66.61000,67.60000,66.45000,66.80000,66.38500,0.92%,2834923
2024-08-08,67.03000,68.09500,66.76000,68.04000,67.61700,1.86%,3027857
2024-08-09,68.05000,68.17000,67.45000,68.09000,67.66700,0.07%,1651759
2024-08-12,68.09000,68.41000,67.61500,67.98000,67.55700,-0.16%,1661923
2024-08-13,68.30000,68.97000,67.96000,68.92000,68.49200,1.38%,2005091
2024-08-14,69.00000,69.50000,68.83000,69.30000,68.86900,0.55%,2103606
2024-08-15,69.63000,69.97000,69.10000,69.78000,69.34600,0.69%,2533817
2024-08-16,69.78000,69.84000,69.28000,69.83000,69.39600,0.07%,1802875
2024-08-19,69.63000,70.08000,69.63000,69.97000,69.53500,0.20%,1848791
2024-08-20,70.07000,70.19000,69.60000,70.09000,69.65400,0.17%,2020763
2024-08-21,69.99000,70.48000,69.91000,70.24000,69.80300,0.21%,1530587
2024-08-22,70.07000,70.63800,70.07000,70.63000,70.19100,0.56%,1750059
2024-08-23,70.84000,70.98000,69.71000,70.35000,69.91300,-0.40%,1343176
2024-08-26,70.57000,70.80000,70.25000,70.59000,70.15100,0.34%,1301410
2024-08-27,70.53000,71.16000,70.48500,71.05000,70.60800,0.65%,1515996
2024-08-28,70.99000,71.33000,70.72000,70.95000,70.50900,-0.14%,1458070
2024-08-29,71.21000,71.75000,70.97000,71.19000,70.74700,0.34%,1776038
2024-08-30,71.52000,72.14000,71.13500,72.08000,71.63200,1.25%,3073749
2024-09-03,71.66000,71.91000,71.03000,71.39000,70.94600,-0.96%,2267430
2024-09-04,73.14000,74.16800,72.90500,73.48000,73.02300,2.93%,3172430
2024-09-05,73.50000,73.74000,72.65500,73.40000,72.94400,-0.11%,2167576
2024-09-06,73.27000,73.65000,71.24000,71.95000,71.50300,-1.98%,3970651
2024-09-09,72.31000,72.54000,71.43000,71.65000,71.20500,-0.42%,2977376
2024-09-10,71.74000,72.21000,71.11000,71.75000,71.30400,0.14%,2672171
2024-09-11,71.46000,72.19000,70.12000,72.08000,71.63200,0.46%,2115861
2024-09-12,72.25000,72.68000,71.74000,72.57000,72.11900,0.68%,2852601
2024-09-13,72.42000,73.04000,72.23000,73.00000,72.78500,0.59%,1900481
2024-09-16,73.29000,73.69000,73.03000,73.30000,73.08400,0.41%,2260785
2024-09-17,73.23000,73.55000,72.03000,72.70000,72.48600,-0.82%,2578802
2024-09-18,72.65000,73.62900,72.31000,72.90000,72.68500,0.28%,2330315
2024-09-19,73.78000,74.36000,73.24500,74.29000,74.07100,1.91%,3060779
2024-09-20,74.16000,74.68000,73.50000,74.29000,74.07100,,4654408
2024-09-23,74.71000,74.87500,73.89000,74.01000,73.79200,-0.38%,2546048
2024-09-24,73.87000,73.87000,73.14000,73.67000,73.45300,-0.46%,2408410
2024-09-25,73.67000,73.93500,72.67500,73.04000,72.82500,-0.86%,3429016
2024-09-26,72.68000,73.48000,72.31000,72.56000,72.34600,-0.66%,3145154
2024-09-27,72.84000,73.10000,72.33000,72.60000,72.38600,0.06%,2766137
2024-09-30,72.29000,73.12000,72.15000,73.01000,72.79500,0.56%,3368558
2024-10-01,73.20000,73.40000,72.42000,73.05000,72.83500,0.05%,3837116
2024-10-02,73.13000,73.13000,72.56000,72.99000,72.77500,-0.08%,1817209
2024-10-03,72.84000,73.09000,72.37500,72.92000,72.70500,-0.10%,2602495
2024-10-04,73.40000,73.40000,71.80800,72.12000,71.90700,-1.10%,2519293
2024-10-07,72.11000,72.15000,70.61000,70.87000,70.66100,-1.73%,4187613
2024-10-08,71.95000,72.59000,71.82000,72.19000,71.97700,1.86%,3136020
2024-10-09,72.33000,72.77000,72.01000,72.47000,72.25600,0.39%,2144515
2024-10-10,72.40000,72.68000,71.57000,71.84000,71.62800,-0.87%,2919273
2024-10-11,72.27000,72.40900,71.37500,71.62000,71.40900,-0.31%,2297222
2024-10-14,72.06000,72.85000,72.00000,72.57000,72.35600,1.33%,2933092
2024-10-15,72.79000,73.60000,72.73000,73.03000,72.81500,0.63%,1911362
2024-10-16,73.12000,73.99000,72.61000,73.76000,73.54200,1.00%,3082126
2024-10-17,74.23000,74.53000,74.02000,74.14000,73.92100,0.52%,2503321
2024-10-18,74.33000,74.93000,73.84500,74.91000,74.68900,1.04%,2145755
2024-10-21,74.70000,74.87000,74.04500,74.30000,74.08100,-0.81%,1902672
2024-10-22,73.73000,74.45500,73.53000,74.29000,74.07100,-0.01%,2365322
2024-10-23,73.98000,74.49000,73.67000,73.91000,73.69200,-0.51%,2513568
2024-10-24,73.24000,75.58000,72.80000,75.24000,75.01800,1.80%,4038770
2024-10-25,75.60000,75.68000,74.03000,74.69000,74.47000,-0.73%,2230617
2024-10-28,75.38000,75.89000,74.96000,75.34000,75.11800,0.87%,2543875
2024-10-29,75.02000,76.43500,74.86500,75.89000,75.66600,0.73%,3382275
2024-10-30,76.02000,76.70500,75.51000,75.55000,75.32700,-0.45%,2293743
2024-10-31,75.33000,75.43000,73.83000,73.92000,73.70200,-2.16%,2901329
2024-11-01,73.93000,74.91000,73.89000,74.32000,74.10100,0.54%,2969075
2024-11-04,74.47000,74.96000,74.07000,74.81000,74.58900,0.66%,2199112
2024-11-05,74.58500,76.25500,74.13000,76.14000,75.91500,1.78%,2146181
2024-11-06,78.88000,79.27100,75.02000,77.59000,77.36100,1.90%,3894886
2024-11-07,77.69000,78.29000,77.11500,78.18000,77.94900,0.76%,2288058
2024-11-08,78.62000,79.73000,78.22000,78.69000,78.45800,0.65%,2247205
2024-11-11,78.85500,80.40800,78.78000,79.66000,79.42500,1.23%,1911577
2024-11-12,79.94000,79.94000,79.02000,79.13000,78.89700,-0.67%,2400965
2024-11-13,79.50000,80.35000,79.40000,79.87000,79.63400,0.94%,1861609
2024-11-14,80.48000,80.76900,78.00000,78.06000,77.83000,-2.27%,3188428
2024-11-15,78.23000,78.93000,78.16000,78.76000,78.52800,0.90%,4685236
2024-11-18,78.36000,79.89000,78.36000,79.78000,79.54500,1.30%,1866377
2024-11-19,79.25000,80.34000,78.93000,80.16000,79.92400,0.48%,1865497
2024-11-20,80.77800,81.08000,79.78000,80.08000,79.84400,-0.10%,1647456
2024-11-21,80.71000,81.13000,80.01000,80.88000,80.64100,1.00%,2264469
2024-11-22,80.76000,81.35000,80.51000,81.07000,80.83100,0.23%,1684235
2024-11-25,82.16000,82.39000,81.13000,81.52000,81.28000,0.56%,3258188
2024-11-26,81.80000,83.04000,81.10000,82.65000,82.40600,1.39%,1964956
2024-11-27,82.73000,83.50000,82.70000,83.05000,82.80500,0.48%,2629981
2024-11-29,83.58000,83.77000,82.98000,82.99000,82.74500,-0.07%,2741614
2024-12-02,83.00000,83.45000,81.59000,81.65000,81.40900,-1.61%,3497121
2024-12-03,81.52000,81.68000,80.77000,80.99000,80.75100,-0.81%,2807028
2024-12-04,81.20200,81.29000,80.59000,80.83000,80.59200,-0.20%,2134110
2024-12-05,80.99000,81.55800,80.82000,81.27000,81.03000,0.54%,2236934
2024-12-06,80.77000,81.37000,80.69000,81.14000,81.14000,-0.16%,4918114
2024-12-09,81.21000,81.21000,79.54000,79.70000,79.70000,-1.77%,2605438